"TypeName","Methods"
"<>F{00000040}`5","Invoke, IsUnmanagedFunctionPtr, InvocationListLogicallyNull, GetObjectData, Equals, NewMulticastDelegate, StoreDynamicMethod, CombineImpl, RemoveImpl, GetInvocationList, GetHashCode, GetTarget, GetMethodImpl, DynamicInvoke, DynamicInvokeImpl, get_Method, get_Target, Clone, GetCallStub, GetMulticastInvoke, GetInvokeMethod, FindMethodHandle, AdjustTarget, Finalize, GetType, MemberwiseClone, ToString"
"VOIPS_LIB.THUMBNAIL","SetIPandPort, Start, Stop, Close, GET_THUMBNAIL, SendMesage, GetByteArray, Set_StartListening, StartListening, Receive, CheckIP_IsExist, Sort_RTPDATA, Clear_RTPDATA, YUV422ToRGB, BytesToBitmap, RawYUV422_To_Bitmap, Equals, GetHashCode, Finalize, GetType, MemberwiseClone, ToString"
"VOIPS_LIB.THUMBNAIL+OnDwawPicDelegate","Invoke, BeginInvoke, EndInvoke, IsUnmanagedFunctionPtr, InvocationListLogicallyNull, GetObjectData, Equals, NewMulticastDelegate, StoreDynamicMethod, CombineImpl, RemoveImpl, GetInvocationList, GetHashCode, GetTarget, GetMethodImpl, DynamicInvoke, DynamicInvokeImpl, get_Method, get_Target, Clone, GetCallStub, GetMulticastInvoke, GetInvokeMethod, FindMethodHandle, AdjustTarget, Finalize, GetType, MemberwiseClone, ToString"
"VOIPS_LIB.THUMBNAIL+THUMBNAIL_Device","Equals, GetHashCode, Finalize, GetType, MemberwiseClone, ToString"
"VOIPS_LIB.THUMBNAIL+RGB","get_R, set_R, get_G, set_G, get_B, set_B, Equals, Equals, ToString, GetHashCode, Finalize, GetType, MemberwiseClone"
"VOIPS_LIB.THUMBNAIL+YUV","get_Y, set_Y, get_U, set_U, get_V, set_V, Equals, Equals, ToString, GetHashCode, Finalize, GetType, MemberwiseClone"
"VOIPS_LIB.THUMBNAIL+<>c","<Sort_RTPDATA>b__21_0, <Sort_RTPDATA>b__21_1, <Clear_RTPDATA>b__22_0, <RawYUV422_To_Bitmap>b__28_0, <RawYUV422_To_Bitmap>b__28_2, Equals, GetHashCode, Finalize, GetType, MemberwiseClone, ToString"
"VOIPS_LIB.THUMBNAIL+<>c__DisplayClass14_0","<GET_THUMBNAIL>b__0, Equals, GetHashCode, Finalize, GetType, MemberwiseClone, ToString"
"VOIPS_LIB.THUMBNAIL+<>c__DisplayClass21_0","<Sort_RTPDATA>b__2, Equals, GetHashCode, Finalize, GetType, MemberwiseClone, ToString"
"VOIPS_LIB.THUMBNAIL+<>c__DisplayClass22_0","<Clear_RTPDATA>b__1, Equals, GetHashCode, Finalize, GetType, MemberwiseClone, ToString"
"VOIPS_LIB.THUMBNAIL+<>c__DisplayClass28_0","<RawYUV422_To_Bitmap>b__1, Equals, GetHashCode, Finalize, GetType, MemberwiseClone, ToString"
"VOIPS_LIB.THUMBNAIL+<GET_THUMBNAIL>d__14","MoveNext, SetStateMachine, Equals, GetHashCode, Finalize, GetType, MemberwiseClone, ToString"
"RTPLib.RtpPayloadType","GetValue, GetHashCode, ToString, ToString, CompareTo, ToString, HasFlag, GetTypeCode, System.IConvertible.ToBoolean, System.IConvertible.ToChar, System.IConvertible.ToSByte, System.IConvertible.ToByte, System.IConvertible.ToInt16, System.IConvertible.ToUInt16, System.IConvertible.ToInt32, System.IConvertible.ToUInt32, System.IConvertible.ToInt64, System.IConvertible.ToUInt64, System.IConvertible.ToSingle, System.IConvertible.ToDouble, System.IConvertible.ToDecimal, System.IConvertible.ToDateTime, System.IConvertible.ToType, Equals, ToString, Finalize, GetType, MemberwiseClone"
"RTPLib.RtpPacket","get_Version, set_Version, get_Padding, set_Padding, get_Extension, set_Extension, get_CC, set_CC, get_Marker, set_Marker, get_PayloadType, set_PayloadType, get_SequenceNumber, set_SequenceNumber, get_Timestamp, set_Timestamp, get_SSRC, set_SSRC, get_ExtendedSequenceNumber, set_ExtendedSequenceNumber, get_Length, set_Length, get_LineNo, set_LineNo, get_Offset, set_Offset, get_FieldIdentification, set_FieldIdentification, get_Continuation, set_Continuation, get_PayloadData, set_PayloadData, Equals, GetHashCode, Finalize, GetType, MemberwiseClone, ToString"
"CYP_TOOLS.COM","write, write_withoutnexline, read, connect, logout, GetData, Equals, GetHashCode, Finalize, GetType, MemberwiseClone, ToString"
"CYP_TOOLS.CYPTools","StrLeft, StrRigth, StrMid, While_delay, TextBoxChange_Check_OnlyNumber_Positive, TextBoxChange_Check_OnlyNumber, TextBoxChange_Check_OnlyNumberFloat, TextBoxChange_CheckNumberRange, TextCheck_IsIP, TextCheck_IsMultiCastIP, TextCheck_IsMAC, TextCheck_IsMAC_NoSign, Wrong_Notice_Add, Wrong_Notice_IsFind, Wrong_Notice_Remove, Equals, GetHashCode, Finalize, GetType, MemberwiseClone, ToString"
"CYP_TOOLS.ListBoxExtendsion","SaveToFile, LoadFromFile, Equals, GetHashCode, Finalize, GetType, MemberwiseClone, ToString"
"CYP_TOOLS.ComboBoxExtendsion","SearchFile, Equals, GetHashCode, Finalize, GetType, MemberwiseClone, ToString"
"CYP_TOOLS.StringExtendsion","Filter, Reverse, ReplaceAt, IsHexadecimal, Equals, GetHashCode, Finalize, GetType, MemberwiseClone, ToString"
"CYP_TOOLS.Telnet","connect, read_from_thread, write, dis_connect, IsConnected, Equals, GetHashCode, Finalize, GetType, MemberwiseClone, ToString"
"CYP_TOOLS.Telnet+Display","Invoke, BeginInvoke, EndInvoke, IsUnmanagedFunctionPtr, InvocationListLogicallyNull, GetObjectData, Equals, NewMulticastDelegate, StoreDynamicMethod, CombineImpl, RemoveImpl, GetInvocationList, GetHashCode, GetTarget, GetMethodImpl, DynamicInvoke, DynamicInvokeImpl, get_Method, get_Target, Clone, GetCallStub, GetMulticastInvoke, GetInvokeMethod, FindMethodHandle, AdjustTarget, Finalize, GetType, MemberwiseClone, ToString"
"CYP_TOOLS.Form_StartLoading","get_CreateParams, Set_StatusInfo, UpdateUI, Dispose, InitializeComponent, get_AutoScaleBaseSize, set_AutoScaleBaseSize, get_AutoScroll, set_AutoScroll, get_AutoSize, get_AutoValidate, set_AutoValidate, set_BackColor, get_DefaultImeMode, get_DefaultSize, get_HasMenu, set_MaximumSize, get_MinimumSize, set_MinimumSize, get_RightToLeftLayout, set_RightToLeftLayout, get_ParentInternal, set_ParentInternal, get_ShowParams, get_ShowWithoutActivation, get_Text, set_Text, SetVisibleCore, get_WindowText, set_WindowText, AdjustFormScrollbars, AssignParent, CreateControlsInstance, AfterControlRemoved, CreateHandle, DefWndProc, FocusInternal, GetPreferredSizeCore, CanSelectCore, CanProcessMnemonic, ProcessMnemonic, OnActivated, OnAutoScaleModeChanged, OnBackgroundImageChanged, OnBackgroundImageLayoutChanged, OnClosing, OnClosed, OnFormClosing, OnFormClosed, OnCreateControl, OnDeactivate, OnEnabledChanged, OnEnter, OnFontChanged, OnHandleCreated, OnHandleDestroyed, OnHelpButtonClicked, OnLayout, OnMaximizedBoundsChanged, OnMaximumSizeChanged, OnMinimumSizeChanged, OnInputLanguageChanged, OnInputLanguageChanging, OnVisibleChanged, OnMdiChildActivate, OnMenuStart, OnMenuComplete, OnPaint, OnResize, OnDpiChanged, OnGetDpiScaledSize, OnRightToLeftLayoutChanged, OnShown, OnTextChanged, ProcessCmdKey, ProcessDialogKey, ProcessDialogChar, ProcessKeyPreview, ProcessTabKey, Select, ScaleCore, GetScaledBounds, ScaleControl, SetBoundsCore, ApplyBoundsConstraints, SetClientSizeCore, ShouldSerializeAutoScaleBaseSize, ShouldSerializeSize, OnResizeBegin, OnResizeEnd, OnStyleChanged, ValidateChildren, ValidateChildren, get_AcceptButton, set_AcceptButton, get_Active, set_Active, get_ActiveMdiChild, get_ActiveMdiChildInternal, set_ActiveMdiChildInternal, get_AllowTransparency, set_AllowTransparency, get_AutoScale, set_AutoScale, set_AutoSize, add_AutoSizeChanged, remove_AutoSizeChanged, get_AutoSizeMode, set_AutoSizeMode, add_AutoValidateChanged, remove_AutoValidateChanged, get_BackColor, get_FormBorderStyle, set_FormBorderStyle, get_CancelButton, set_CancelButton, get_ClientSize, set_ClientSize, get_ControlBox, set_ControlBox, get_CloseReason, set_CloseReason, get_DesktopBounds, set_DesktopBounds, get_DesktopLocation, set_DesktopLocation, get_DialogResult, set_DialogResult, get_HelpButton, set_HelpButton, add_HelpButtonClicked, remove_HelpButtonClicked, get_Icon, set_Icon, get_IsMdiChild, get_IsMdiChildFocusable, set_IsMdiChildFocusable, get_IsMdiContainer, set_IsMdiContainer, get_IsRestrictedWindow, get_KeyPreview, set_KeyPreview, get_Location, set_Location, get_MaximizedBounds, set_MaximizedBounds, add_MaximizedBoundsChanged, remove_MaximizedBoundsChanged, get_MaximumSize, add_MaximumSizeChanged, remove_MaximumSizeChanged, get_MainMenuStrip, set_MainMenuStrip, get_Margin, set_Margin, add_MarginChanged, remove_MarginChanged, get_Menu, set_Menu, add_MinimumSizeChanged, remove_MinimumSizeChanged, get_MaximizeBox, set_MaximizeBox, get_MdiChildren, get_MdiClient, get_MdiParent, set_MdiParent, get_MergedMenu, get_MinimizeBox, set_MinimizeBox, get_Modal, get_Opacity, set_Opacity, get_OwnedForms, get_Owner, set_Owner, get_OwnerInternal, get_RestoreBounds, get_ShowInTaskbar, set_ShowInTaskbar, get_ShowIcon, set_ShowIcon, get_Size, set_Size, get_SizeGripStyle, set_SizeGripStyle, get_StartPosition, set_StartPosition, get_TabIndex, set_TabIndex, add_TabIndexChanged, remove_TabIndexChanged, get_TabStop, set_TabStop, add_TabStopChanged, remove_TabStopChanged, get_TopLevel, set_TopLevel, get_TopMost, set_TopMost, get_TransparencyKey, set_TransparencyKey, get_WindowState, set_WindowState, add_Activated, remove_Activated, add_Closing, remove_Closing, add_Closed, remove_Closed, add_Deactivate, remove_Deactivate, add_FormClosing, remove_FormClosing, add_FormClosed, remove_FormClosed, add_Load, remove_Load, add_MdiChildActivate, remove_MdiChildActivate, add_MenuComplete, remove_MenuComplete, add_MenuStart, remove_MenuStart, add_InputLanguageChanged, remove_InputLanguageChanged, add_InputLanguageChanging, remove_InputLanguageChanging, add_RightToLeftLayoutChanged, remove_RightToLeftLayoutChanged, add_Shown, remove_Shown, Activate, ActivateMdiChild, AddOwnedForm, ApplyAutoScaling, CheckCloseDialog, Close, CanRecreateHandle, CenterToParent, CenterToScreen, LayoutMdi, MenuChanged, OnLoad, add_DpiChanged, remove_DpiChanged, PerformOnInputLanguageChanged, PerformOnInputLanguageChanging, RaiseFormClosedOnAppExit, RaiseFormClosingOnAppExit, RecreateHandleCore, RemoveOwnedForm, add_ResizeBegin, remove_ResizeBegin, add_ResizeEnd, remove_ResizeEnd, SetDesktopBounds, SetDesktopLocation, Show, ShowDialog, ShowDialog, ShouldSerializeTransparencyKey, ToString, UpdateDefaultButton, UpdateFormStyles, UpdateMdiWindowListStrip, WndProc, get_BindingContext, set_BindingContext, get_CanEnableIme, get_ActiveControl, set_ActiveControl, System.Windows.Forms.IContainerControl.ActivateControl, GetToolNativeScreenRectangle, OnAutoValidateChanged, OnFrameWindowActivate, OnLayoutResuming, OnParentChanged, ShouldSerializeAutoValidate, get_AutoScaleDimensions, set_AutoScaleDimensions, get_AutoScaleFactor, get_AutoScaleMode, set_AutoScaleMode, add_AutoValidateChanged, remove_AutoValidateChanged, get_CurrentAutoScaleDimensions, get_ParentForm, get_ParentFormInternal, ActivateControlInternal, ActivateControlInternal, HasFocusableChild, CreateAxContainer, FocusActiveControlInternal, OnChildLayoutResuming, FormDpiChanged, PerformAutoScale, ResumeAllLayout, SuspendAllLayout, Scale, SetActiveControlInternal, get_InnerMostActiveContainerControl, get_InnerMostFocusedContainerControl, UpdateFocusedControl, Validate, Validate, ValidateInternal, ResetActiveAndFocusedControlsRecursive, get_DisplayRectangle, System.Windows.Forms.Layout.IArrangedElement.get_DisplayRectangle, OnMouseWheel, OnRightToLeftChanged, OnPaintBackground, OnPaddingChanged, ScrollToControl, OnScroll, get_AutoScrollMargin, set_AutoScrollMargin, get_AutoScrollPosition, set_AutoScrollPosition, get_AutoScrollMinSize, set_AutoScrollMinSize, get_HScroll, set_HScroll, get_HorizontalScroll, get_VScroll, set_VScroll, get_VerticalScroll, get_DockPadding, GetScrollState, ScaleDockPadding, SetDisplayFromScrollProps, SetDisplayRectLocation, ScrollControlIntoView, add_Scroll, remove_Scroll, SetAutoScrollMargin, SetScrollState, GetAccessibilityObjectById, get_AllowDrop, set_AllowDrop, get_Anchor, set_Anchor, set_AutoScrollOffset, get_LayoutEngine, get_BackgroundImage, set_BackgroundImage, get_BackgroundImageLayout, set_BackgroundImageLayout, get_Bounds, get_CanAccessProperties, get_CanRaiseEvents, get_ContextMenu, get_ContextMenuStrip, NotifyValidationResult, get_Cursor, set_Cursor, get_DataBindings, get_DefaultCursor, get_DefaultMargin, get_DefaultMaximumSize, get_DefaultMinimumSize, get_DefaultPadding, get_Dock, set_Dock, get_DoubleBuffered, set_DoubleBuffered, get_Focused, get_Font, set_Font, set_ForeColor, GetPreferredSize, get_InvokeRequired, get_IsContainerControl, get_IsMnemonicsListenerAxSourced, AddReflectChild, RemoveReflectChild, get_RenderTransparencyWithVisualStyles, get_RightToLeft, set_RightToLeft, get_ScaleChildren, get_Site, get_ShowKeyboardCues, get_ShowFocusCues, get_SupportsUseCompatibleTextRendering, BeginInvoke, DestroyHandle, DisposeAxControls, EndInvoke, GetVisibleCore, GetFirstChildControlInTabOrder, InitLayout, InitializeDCForWmCtlColor, Invoke, IsInputChar, IsInputKey, NotifyInvalidate, OnAutoSizeChanged, OnBackColorChanged, OnBindingContextChanged, OnCausesValidationChanged, OnContextMenuChanged, OnContextMenuStripChanged, OnCursorChanged, OnDockChanged, OnForeColorChanged, OnNotifyMessage, OnParentBackColorChanged, OnParentBackgroundImageChanged, OnParentBindingContextChanged, OnParentCursorChanged, OnParentEnabledChanged, OnParentFontChanged, OnParentHandleRecreated, OnParentHandleRecreating, OnParentForeColorChanged, OnParentRightToLeftChanged, OnParentVisibleChanged, OnParentBecameInvisible, OnPrint, OnTabIndexChanged, OnTabStopChanged, OnTopMostActiveXParentChanged, OnClick, OnClientSizeChanged, OnControlAdded, OnControlRemoved, OnInvokedSetScrollPosition, OnLocationChanged, OnDoubleClick, OnDragEnter, OnDragOver, OnDragLeave, OnDragDrop, OnGiveFeedback, OnGotFocus, OnHelpRequested, OnInvalidated, OnKeyDown, OnKeyPress, OnKeyUp, OnLayoutSuspended, OnLeave, OnLostFocus, OnMarginChanged, OnMouseDoubleClick, OnMouseClick, OnMouseCaptureChanged, OnMouseDown, OnMouseEnter, OnMouseLeave, OnDpiChangedBeforeParent, OnDpiChangedAfterParent, OnMouseHover, OnMouseMove, OnMouseUp, OnMove, OnQueryContinueDrag, OnRegionChanged, OnPreviewKeyDown, OnSizeChanged, OnChangeUICues, OnSystemColorsChanged, OnValidating, OnValidated, RescaleConstantsForDpi, PreProcessMessage, ProcessKeyMessage, ResetCursor, ResetFont, ResetRightToLeft, Refresh, ResetText, SizeFromClientSize, ShouldPerformContainerValidation, ShouldSerializeBackColor, ShouldSerializeCursor, ShouldSerializeForeColor, ShouldSerializeFont, ShouldSerializeRightToLeft, ShouldSerializeMaximumSize, ShouldSerializeMinimumSize, ShouldSerializeText, UpdateStylesCore, OnBoundsUpdate, WmContextMenu, System.Windows.Forms.Layout.IArrangedElement.get_Children, System.Windows.Forms.Layout.IArrangedElement.get_Container, System.Windows.Forms.Layout.IArrangedElement.get_ParticipatesInLayout, System.Windows.Forms.Layout.IArrangedElement.PerformLayout, System.Windows.Forms.Layout.IArrangedElement.get_Properties, System.Windows.Forms.Layout.IArrangedElement.SetBounds, get_SupportsUiaProviders, System.Windows.Forms.IDropTarget.OnDragEnter, System.Windows.Forms.IDropTarget.OnDragOver, System.Windows.Forms.IDropTarget.OnDragLeave, System.Windows.Forms.IDropTarget.OnDragDrop, System.Windows.Forms.ISupportOleDropSource.OnGiveFeedback, System.Windows.Forms.ISupportOleDropSource.OnQueryContinueDrag, System.Windows.Forms.UnsafeNativeMethods.IOleControl.GetControlInfo, System.Windows.Forms.UnsafeNativeMethods.IOleControl.OnMnemonic, System.Windows.Forms.UnsafeNativeMethods.IOleControl.OnAmbientPropertyChange, System.Windows.Forms.UnsafeNativeMethods.IOleControl.FreezeEvents, System.Windows.Forms.UnsafeNativeMethods.IOleInPlaceActiveObject.GetWindow, System.Windows.Forms.UnsafeNativeMethods.IOleInPlaceActiveObject.ContextSensitiveHelp, System.Windows.Forms.UnsafeNativeMethods.IOleInPlaceActiveObject.TranslateAccelerator, System.Windows.Forms.UnsafeNativeMethods.IOleInPlaceActiveObject.OnFrameWindowActivate, System.Windows.Forms.UnsafeNativeMethods.IOleInPlaceActiveObject.OnDocWindowActivate, System.Windows.Forms.UnsafeNativeMethods.IOleInPlaceActiveObject.ResizeBorder, System.Windows.Forms.UnsafeNativeMethods.IOleInPlaceActiveObject.EnableModeless, System.Windows.Forms.UnsafeNativeMethods.IOleInPlaceObject.GetWindow, System.Windows.Forms.UnsafeNativeMethods.IOleInPlaceObject.ContextSensitiveHelp, System.Windows.Forms.UnsafeNativeMethods.IOleInPlaceObject.InPlaceDeactivate, System.Windows.Forms.UnsafeNativeMethods.IOleInPlaceObject.UIDeactivate, System.Windows.Forms.UnsafeNativeMethods.IOleInPlaceObject.SetObjectRects, System.Windows.Forms.UnsafeNativeMethods.IOleInPlaceObject.ReactivateAndUndo, System.Windows.Forms.UnsafeNativeMethods.IOleObject.SetClientSite, System.Windows.Forms.UnsafeNativeMethods.IOleObject.GetClientSite, System.Windows.Forms.UnsafeNativeMethods.IOleObject.SetHostNames, System.Windows.Forms.UnsafeNativeMethods.IOleObject.Close, System.Windows.Forms.UnsafeNativeMethods.IOleObject.SetMoniker, System.Windows.Forms.UnsafeNativeMethods.IOleObject.GetMoniker, System.Windows.Forms.UnsafeNativeMethods.IOleObject.InitFromData, System.Windows.Forms.UnsafeNativeMethods.IOleObject.GetClipboardData, System.Windows.Forms.UnsafeNativeMethods.IOleObject.DoVerb, System.Windows.Forms.UnsafeNativeMethods.IOleObject.EnumVerbs, System.Windows.Forms.UnsafeNativeMethods.IOleObject.OleUpdate, System.Windows.Forms.UnsafeNativeMethods.IOleObject.IsUpToDate, System.Windows.Forms.UnsafeNativeMethods.IOleObject.GetUserClassID, System.Windows.Forms.UnsafeNativeMethods.IOleObject.GetUserType, System.Windows.Forms.UnsafeNativeMethods.IOleObject.SetExtent, System.Windows.Forms.UnsafeNativeMethods.IOleObject.GetExtent, System.Windows.Forms.UnsafeNativeMethods.IOleObject.Advise, System.Windows.Forms.UnsafeNativeMethods.IOleObject.Unadvise, System.Windows.Forms.UnsafeNativeMethods.IOleObject.EnumAdvise, System.Windows.Forms.UnsafeNativeMethods.IOleObject.GetMiscStatus, System.Windows.Forms.UnsafeNativeMethods.IOleObject.SetColorScheme, System.Windows.Forms.UnsafeNativeMethods.IOleWindow.GetWindow, System.Windows.Forms.UnsafeNativeMethods.IOleWindow.ContextSensitiveHelp, System.Windows.Forms.UnsafeNativeMethods.IPersist.GetClassID, System.Windows.Forms.UnsafeNativeMethods.IPersistPropertyBag.InitNew, System.Windows.Forms.UnsafeNativeMethods.IPersistPropertyBag.GetClassID, System.Windows.Forms.UnsafeNativeMethods.IPersistPropertyBag.Load, System.Windows.Forms.UnsafeNativeMethods.IPersistPropertyBag.Save, System.Windows.Forms.UnsafeNativeMethods.IPersistStorage.GetClassID, System.Windows.Forms.UnsafeNativeMethods.IPersistStorage.IsDirty, System.Windows.Forms.UnsafeNativeMethods.IPersistStorage.InitNew, System.Windows.Forms.UnsafeNativeMethods.IPersistStorage.Load, System.Windows.Forms.UnsafeNativeMethods.IPersistStorage.Save, System.Windows.Forms.UnsafeNativeMethods.IPersistStorage.SaveCompleted, System.Windows.Forms.UnsafeNativeMethods.IPersistStorage.HandsOffStorage, System.Windows.Forms.UnsafeNativeMethods.IPersistStreamInit.GetClassID, System.Windows.Forms.UnsafeNativeMethods.IPersistStreamInit.IsDirty, System.Windows.Forms.UnsafeNativeMethods.IPersistStreamInit.Load, System.Windows.Forms.UnsafeNativeMethods.IPersistStreamInit.Save, System.Windows.Forms.UnsafeNativeMethods.IPersistStreamInit.GetSizeMax, System.Windows.Forms.UnsafeNativeMethods.IPersistStreamInit.InitNew, System.Windows.Forms.UnsafeNativeMethods.IQuickActivate.QuickActivate, System.Windows.Forms.UnsafeNativeMethods.IQuickActivate.SetContentExtent, System.Windows.Forms.UnsafeNativeMethods.IQuickActivate.GetContentExtent, System.Windows.Forms.UnsafeNativeMethods.IViewObject.Draw, System.Windows.Forms.UnsafeNativeMethods.IViewObject.GetColorSet, System.Windows.Forms.UnsafeNativeMethods.IViewObject.Freeze, System.Windows.Forms.UnsafeNativeMethods.IViewObject.Unfreeze, System.Windows.Forms.UnsafeNativeMethods.IViewObject.SetAdvise, System.Windows.Forms.UnsafeNativeMethods.IViewObject.GetAdvise, System.Windows.Forms.UnsafeNativeMethods.IViewObject2.Draw, System.Windows.Forms.UnsafeNativeMethods.IViewObject2.GetColorSet, System.Windows.Forms.UnsafeNativeMethods.IViewObject2.Freeze, System.Windows.Forms.UnsafeNativeMethods.IViewObject2.Unfreeze, System.Windows.Forms.UnsafeNativeMethods.IViewObject2.SetAdvise, System.Windows.Forms.UnsafeNativeMethods.IViewObject2.GetAdvise, System.Windows.Forms.UnsafeNativeMethods.IViewObject2.GetExtent, System.Windows.Forms.IKeyboardToolTip.CanShowToolTipsNow, System.Windows.Forms.IKeyboardToolTip.GetNativeScreenRectangle, System.Windows.Forms.IKeyboardToolTip.GetNeighboringToolsRectangles, System.Windows.Forms.IKeyboardToolTip.IsHoveredWithMouse, System.Windows.Forms.IKeyboardToolTip.HasRtlModeEnabled, System.Windows.Forms.IKeyboardToolTip.AllowsToolTip, System.Windows.Forms.IKeyboardToolTip.GetOwnerWindow, System.Windows.Forms.IKeyboardToolTip.OnHooked, System.Windows.Forms.IKeyboardToolTip.OnUnhooked, System.Windows.Forms.IKeyboardToolTip.GetCaptionForTool, System.Windows.Forms.IKeyboardToolTip.ShowsOwnToolTip, System.Windows.Forms.IKeyboardToolTip.IsBeingTabbedTo, System.Windows.Forms.IKeyboardToolTip.AllowsChildrenToShowToolTips, ShowsOwnKeyboardToolTip, OnKeyboardToolTipHook, OnKeyboardToolTipUnhook, AllowsKeyboardToolTip, AllowsChildrenToShowToolTips, get_ImeModeBase, set_ImeModeBase, OnImeModeChanged, ShouldSerializeImeMode, get_DpiAwarenessContext, get_AccessibilityObject, get_AccessibleDefaultActionDescription, set_AccessibleDefaultActionDescription, get_AccessibleDescription, set_AccessibleDescription, get_AccessibleName, set_AccessibleName, get_AccessibleRole, set_AccessibleRole, add_AutoSizeChanged, remove_AutoSizeChanged, get_AutoScrollOffset, SetAutoSizeMode, GetAutoSizeMode, get_BackColorBrush, add_BackColorChanged, remove_BackColorChanged, add_BackgroundImageChanged, remove_BackgroundImageChanged, add_BackgroundImageLayoutChanged, remove_BackgroundImageLayoutChanged, get_BecomingActiveControl, set_BecomingActiveControl, ResetBindings, get_BindingContextInternal, set_BindingContextInternal, add_BindingContextChanged, remove_BindingContextChanged, get_Bottom, set_Bounds, get_CanFocus, get_CanSelect, get_Capture, set_Capture, get_CaptureInternal, set_CaptureInternal, get_CausesValidation, set_CausesValidation, add_CausesValidationChanged, remove_CausesValidationChanged, get_CacheTextInternal, set_CacheTextInternal, get_ClientRectangle, get_ClientSize, set_ClientSize, add_ClientSizeChanged, remove_ClientSizeChanged, get_CompanyName, get_ContainsFocus, set_ContextMenu, add_ContextMenuChanged, remove_ContextMenuChanged, set_ContextMenuStrip, add_ContextMenuStripChanged, remove_ContextMenuStripChanged, get_Controls, get_Created, ValidateActiveControl, set_ValidationCancelled, get_ValidationCancelled, set_IsTopMdiWindowClosing, get_IsTopMdiWindowClosing, get_IsCurrentlyBeingScaled, get_CreateThreadId, add_CursorChanged, remove_CursorChanged, get_DeviceDpi, get_DisabledColor, get_IsDisposed, get_Disposing, add_DockChanged, remove_DockChanged, get_Enabled, set_Enabled, add_EnabledChanged, remove_EnabledChanged, ScaleFont, add_FontChanged, remove_FontChanged, get_FontHandle, get_FontHeight, set_FontHeight, get_ForeColor, add_ForeColorChanged, remove_ForeColorChanged, get_Handle, get_HandleInternal, get_HasChildren, get_Height, set_Height, get_HostedInWin32DialogManager, get_IsHandleCreated, get_IsLayoutSuspended, get_IsWindowObscured, get_InternalHandle, get_IsAccessible, set_IsAccessible, get_IsActiveX, get_IsIEParent, get_IsMirrored, get_Left, set_Left, get_Location, set_Location, add_LocationChanged, remove_LocationChanged, get_Margin, set_Margin, add_MarginChanged, remove_MarginChanged, get_Name, set_Name, get_Parent, set_Parent, get_ProductName, get_ProductVersion, get_Properties, get_RawBackColor, get_RecreatingHandle, get_Region, set_Region, add_RegionChanged, remove_RegionChanged, get_RenderRightToLeft, get_RenderTransparent, get_RequiredScaling, set_RequiredScaling, get_RequiredScalingEnabled, set_RequiredScalingEnabled, get_ResizeRedraw, set_ResizeRedraw, get_Right, add_RightToLeftChanged, remove_RightToLeftChanged, set_Site, get_Size, set_Size, add_SizeChanged, remove_SizeChanged, get_TabIndex, set_TabIndex, add_TabIndexChanged, remove_TabIndexChanged, get_TabStop, set_TabStop, get_TabStopInternal, set_TabStopInternal, add_TabStopChanged, remove_TabStopChanged, get_Tag, set_Tag, add_TextChanged, remove_TextChanged, get_Top, set_Top, get_TopLevelControl, get_TopLevelControlInternal, get_TopMostParent, get_UseWaitCursor, set_UseWaitCursor, get_UseCompatibleTextRenderingInt, set_UseCompatibleTextRenderingInt, get_Visible, set_Visible, add_VisibleChanged, remove_VisibleChanged, get_Width, set_Width, get_WindowStyle, set_WindowStyle, get_WindowTarget, set_WindowTarget, add_Click, remove_Click, add_ControlAdded, remove_ControlAdded, add_ControlRemoved, remove_ControlRemoved, add_DragDrop, remove_DragDrop, add_DragEnter, remove_DragEnter, add_DragOver, remove_DragOver, add_DragLeave, remove_DragLeave, add_GiveFeedback, remove_GiveFeedback, add_HandleCreated, remove_HandleCreated, add_HandleDestroyed, remove_HandleDestroyed, add_HelpRequested, remove_HelpRequested, add_Invalidated, remove_Invalidated, get_PreferredSize, get_Padding, set_Padding, add_PaddingChanged, remove_PaddingChanged, add_Paint, remove_Paint, add_QueryContinueDrag, remove_QueryContinueDrag, add_QueryAccessibilityHelp, remove_QueryAccessibilityHelp, add_DoubleClick, remove_DoubleClick, add_Enter, remove_Enter, add_GotFocus, remove_GotFocus, add_KeyDown, remove_KeyDown, add_KeyPress, remove_KeyPress, add_KeyUp, remove_KeyUp, add_Layout, remove_Layout, add_Leave, remove_Leave, add_LostFocus, remove_LostFocus, add_MouseClick, remove_MouseClick, add_MouseDoubleClick, remove_MouseDoubleClick, add_MouseCaptureChanged, remove_MouseCaptureChanged, add_MouseDown, remove_MouseDown, add_MouseEnter, remove_MouseEnter, add_MouseLeave, remove_MouseLeave, add_DpiChangedBeforeParent, remove_DpiChangedBeforeParent, add_DpiChangedAfterParent, remove_DpiChangedAfterParent, add_MouseHover, remove_MouseHover, add_MouseMove, remove_MouseMove, add_MouseUp, remove_MouseUp, add_MouseWheel, remove_MouseWheel, add_Move, remove_Move, add_PreviewKeyDown, remove_PreviewKeyDown, add_Resize, remove_Resize, add_ChangeUICues, remove_ChangeUICues, add_StyleChanged, remove_StyleChanged, add_SystemColorsChanged, remove_SystemColorsChanged, add_Validating, remove_Validating, add_Validated, remove_Validated, AccessibilityNotifyClients, AccessibilityNotifyClients, add_ParentChanged, remove_ParentChanged, BeginInvoke, BeginUpdateInternal, BringToFront, Contains, CreateAccessibilityInstance, CreateGraphics, CreateGraphicsInternal, CreateControl, CreateControl, DoDragDrop, DrawToBitmap, EndUpdateInternal, EndUpdateInternal, FindForm, FindFormInternal, GetTopLevel, RaiseCreateHandleEvent, RaiseKeyEvent, RaiseMouseEvent, Focus, ApplySizeConstraints, ApplySizeConstraints, GetChildAtPoint, GetChildAtPoint, GetContainerControl, IsUpdating, GetContainerControlInternal, GetHRgn, GetAnyDisposingInHierarchy, GetChildControlsInTabOrder, GetNextControl, GetState, GetStyle, Hide, Invalidate, Invalidate, Invalidate, Invalidate, Invalidate, Invalidate, Invoke, InvokePaint, InvokePaintBackground, IsFontSet, IsDescendant, LogicalToDeviceUnits, LogicalToDeviceUnits, ScaleBitmapLogicalToDevice, AdjustWindowRectEx, NotifyEnter, NotifyLeave, InvokeOnClick, InvokeGotFocus, InvokeLostFocus, PaintBackground, PaintBackground, PaintBackground, PaintTransparentBackground, PaintTransparentBackground, get_ParentContainerControl, PerformLayout, PerformLayout, PerformLayout, PerformControlValidation, PerformContainerValidation, PointToClient, PointToClientInternal, PointToScreen, PreProcessControlMessage, PrintToMetaFileRecursive, ProcessKeyEventArgs, ProcessUICues, RaiseDragEvent, RaisePaintEvent, ResetBackColor, ResetForeColor, RecreateHandle, RectangleToClient, RectangleToScreen, ReleaseUiaProvider, ResetMouseEventArgs, ResumeLayout, ResumeLayout, SetAcceptDrops, Scale, Scale, Scale, ScaleChildControls, UpdateWindowFontIfNeeded, ScaleControl, ScaleSize, Select, SelectNextControl, SelectNextControlInternal, SendMessage, SendMessage, SendMessage, SendMessage, SendMessage, SendMessage, SendMessage, SendMessage, SendToBack, SetBounds, SetBounds, SizeFromClientSize, SetState, SetState2, SetStyle, SetTopLevel, SetTopLevelInternal, get_ShouldAutoValidate, RtlTranslateAlignment, RtlTranslateAlignment, RtlTranslateAlignment, RtlTranslateHorizontal, RtlTranslateLeftRight, RtlTranslateContent, Show, ShouldSerializeMargin, ShouldSerializePadding, SuspendLayout, Update, UpdateBounds, UpdateBounds, UpdateBounds, UpdateZOrder, UpdateStyles, WindowAssignHandle, WindowReleaseHandle, WmContextMenu, get_ToolStripControlHost, set_ToolStripControlHost, get_CachedImeMode, set_CachedImeMode, get_CurrentImeContextMode, get_DisableImeModeChangedCount, set_DisableImeModeChangedCount, get_ImeMode, set_ImeMode, add_ImeModeChanged, remove_ImeModeChanged, get_ImeWmCharsToIgnore, set_ImeWmCharsToIgnore, UpdateImeContextMode, VerifyImeRestrictedModeChanged, OnImeContextStatusChanged, ResetImeMode, WmImeSetFocus, get_IsAccessibilityObjectCreated, get_IsInternalAccessibilityObjectCreated, Finalize, add_Disposed, remove_Disposed, Dispose, GetService, get_CanRaiseEventsInternal, get_Events, get_Container, get_DesignMode, GetLifetimeService, InitializeLifetimeService, CreateObjRef, GetComIUnknown, IsInstanceOfType, InvokeMember, MemberwiseClone, __RaceSetServerIdentity, __ResetServerIdentity, CanCastToXmlType, Equals, GetHashCode, GetType, MemberwiseClone"
"CYP_TOOLS.Form_StartLoading+LOADING_UPDATEUI","GetValue, GetHashCode, ToString, ToString, CompareTo, ToString, HasFlag, GetTypeCode, System.IConvertible.ToBoolean, System.IConvertible.ToChar, System.IConvertible.ToSByte, System.IConvertible.ToByte, System.IConvertible.ToInt16, System.IConvertible.ToUInt16, System.IConvertible.ToInt32, System.IConvertible.ToUInt32, System.IConvertible.ToInt64, System.IConvertible.ToUInt64, System.IConvertible.ToSingle, System.IConvertible.ToDouble, System.IConvertible.ToDecimal, System.IConvertible.ToDateTime, System.IConvertible.ToType, Equals, ToString, Finalize, GetType, MemberwiseClone"
"CYP_TOOLS.Form_StartLoading+UIManager_dalegate","Invoke, BeginInvoke, EndInvoke, IsUnmanagedFunctionPtr, InvocationListLogicallyNull, GetObjectData, Equals, NewMulticastDelegate, StoreDynamicMethod, CombineImpl, RemoveImpl, GetInvocationList, GetHashCode, GetTarget, GetMethodImpl, DynamicInvoke, DynamicInvokeImpl, get_Method, get_Target, Clone, GetCallStub, GetMulticastInvoke, GetInvokeMethod, FindMethodHandle, AdjustTarget, Finalize, GetType, MemberwiseClone, ToString"
"CYP_TOOLS.Global","Equals, GetHashCode, Finalize, GetType, MemberwiseClone, ToString"
"SDVoE_Tester.AutoSend","SetLoadList, LoadSetting, Prepare_Setting, Text_Interval_TextChanged, Text_Start_TextChanged, Text_End_TextChanged, Total_TimeLimit_TextChanged, TimeLimit_CheckedChanged, Range_RBtn_Cutton_CheckedChanged, ListBox_NowLoad_MouseDown, ListBox_NowLoad_MouseUp, ListBox_NowLoad_KeyDown, ListBox_NowLoad_KeyUp, Btn_Set_Click, Btn_Cancel_Click, TimeLimit_Min_CheckedChanged, Dispose, InitializeComponent, get_AutoScaleBaseSize, set_AutoScaleBaseSize, get_AutoScroll, set_AutoScroll, get_AutoSize, get_AutoValidate, set_AutoValidate, set_BackColor, get_CreateParams, get_DefaultImeMode, get_DefaultSize, get_HasMenu, set_MaximumSize, get_MinimumSize, set_MinimumSize, get_RightToLeftLayout, set_RightToLeftLayout, get_ParentInternal, set_ParentInternal, get_ShowParams, get_ShowWithoutActivation, get_Text, set_Text, SetVisibleCore, get_WindowText, set_WindowText, AdjustFormScrollbars, AssignParent, CreateControlsInstance, AfterControlRemoved, CreateHandle, DefWndProc, FocusInternal, GetPreferredSizeCore, CanSelectCore, CanProcessMnemonic, ProcessMnemonic, OnActivated, OnAutoScaleModeChanged, OnBackgroundImageChanged, OnBackgroundImageLayoutChanged, OnClosing, OnClosed, OnFormClosing, OnFormClosed, OnCreateControl, OnDeactivate, OnEnabledChanged, OnEnter, OnFontChanged, OnHandleCreated, OnHandleDestroyed, OnHelpButtonClicked, OnLayout, OnMaximizedBoundsChanged, OnMaximumSizeChanged, OnMinimumSizeChanged, OnInputLanguageChanged, OnInputLanguageChanging, OnVisibleChanged, OnMdiChildActivate, OnMenuStart, OnMenuComplete, OnPaint, OnResize, OnDpiChanged, OnGetDpiScaledSize, OnRightToLeftLayoutChanged, OnShown, OnTextChanged, ProcessCmdKey, ProcessDialogKey, ProcessDialogChar, ProcessKeyPreview, ProcessTabKey, Select, ScaleCore, GetScaledBounds, ScaleControl, SetBoundsCore, ApplyBoundsConstraints, SetClientSizeCore, ShouldSerializeAutoScaleBaseSize, ShouldSerializeSize, OnResizeBegin, OnResizeEnd, OnStyleChanged, ValidateChildren, ValidateChildren, get_AcceptButton, set_AcceptButton, get_Active, set_Active, get_ActiveMdiChild, get_ActiveMdiChildInternal, set_ActiveMdiChildInternal, get_AllowTransparency, set_AllowTransparency, get_AutoScale, set_AutoScale, set_AutoSize, add_AutoSizeChanged, remove_AutoSizeChanged, get_AutoSizeMode, set_AutoSizeMode, add_AutoValidateChanged, remove_AutoValidateChanged, get_BackColor, get_FormBorderStyle, set_FormBorderStyle, get_CancelButton, set_CancelButton, get_ClientSize, set_ClientSize, get_ControlBox, set_ControlBox, get_CloseReason, set_CloseReason, get_DesktopBounds, set_DesktopBounds, get_DesktopLocation, set_DesktopLocation, get_DialogResult, set_DialogResult, get_HelpButton, set_HelpButton, add_HelpButtonClicked, remove_HelpButtonClicked, get_Icon, set_Icon, get_IsMdiChild, get_IsMdiChildFocusable, set_IsMdiChildFocusable, get_IsMdiContainer, set_IsMdiContainer, get_IsRestrictedWindow, get_KeyPreview, set_KeyPreview, get_Location, set_Location, get_MaximizedBounds, set_MaximizedBounds, add_MaximizedBoundsChanged, remove_MaximizedBoundsChanged, get_MaximumSize, add_MaximumSizeChanged, remove_MaximumSizeChanged, get_MainMenuStrip, set_MainMenuStrip, get_Margin, set_Margin, add_MarginChanged, remove_MarginChanged, get_Menu, set_Menu, add_MinimumSizeChanged, remove_MinimumSizeChanged, get_MaximizeBox, set_MaximizeBox, get_MdiChildren, get_MdiClient, get_MdiParent, set_MdiParent, get_MergedMenu, get_MinimizeBox, set_MinimizeBox, get_Modal, get_Opacity, set_Opacity, get_OwnedForms, get_Owner, set_Owner, get_OwnerInternal, get_RestoreBounds, get_ShowInTaskbar, set_ShowInTaskbar, get_ShowIcon, set_ShowIcon, get_Size, set_Size, get_SizeGripStyle, set_SizeGripStyle, get_StartPosition, set_StartPosition, get_TabIndex, set_TabIndex, add_TabIndexChanged, remove_TabIndexChanged, get_TabStop, set_TabStop, add_TabStopChanged, remove_TabStopChanged, get_TopLevel, set_TopLevel, get_TopMost, set_TopMost, get_TransparencyKey, set_TransparencyKey, get_WindowState, set_WindowState, add_Activated, remove_Activated, add_Closing, remove_Closing, add_Closed, remove_Closed, add_Deactivate, remove_Deactivate, add_FormClosing, remove_FormClosing, add_FormClosed, remove_FormClosed, add_Load, remove_Load, add_MdiChildActivate, remove_MdiChildActivate, add_MenuComplete, remove_MenuComplete, add_MenuStart, remove_MenuStart, add_InputLanguageChanged, remove_InputLanguageChanged, add_InputLanguageChanging, remove_InputLanguageChanging, add_RightToLeftLayoutChanged, remove_RightToLeftLayoutChanged, add_Shown, remove_Shown, Activate, ActivateMdiChild, AddOwnedForm, ApplyAutoScaling, CheckCloseDialog, Close, CanRecreateHandle, CenterToParent, CenterToScreen, LayoutMdi, MenuChanged, OnLoad, add_DpiChanged, remove_DpiChanged, PerformOnInputLanguageChanged, PerformOnInputLanguageChanging, RaiseFormClosedOnAppExit, RaiseFormClosingOnAppExit, RecreateHandleCore, RemoveOwnedForm, add_ResizeBegin, remove_ResizeBegin, add_ResizeEnd, remove_ResizeEnd, SetDesktopBounds, SetDesktopLocation, Show, ShowDialog, ShowDialog, ShouldSerializeTransparencyKey, ToString, UpdateDefaultButton, UpdateFormStyles, UpdateMdiWindowListStrip, WndProc, get_BindingContext, set_BindingContext, get_CanEnableIme, get_ActiveControl, set_ActiveControl, System.Windows.Forms.IContainerControl.ActivateControl, GetToolNativeScreenRectangle, OnAutoValidateChanged, OnFrameWindowActivate, OnLayoutResuming, OnParentChanged, ShouldSerializeAutoValidate, get_AutoScaleDimensions, set_AutoScaleDimensions, get_AutoScaleFactor, get_AutoScaleMode, set_AutoScaleMode, add_AutoValidateChanged, remove_AutoValidateChanged, get_CurrentAutoScaleDimensions, get_ParentForm, get_ParentFormInternal, ActivateControlInternal, ActivateControlInternal, HasFocusableChild, CreateAxContainer, FocusActiveControlInternal, OnChildLayoutResuming, FormDpiChanged, PerformAutoScale, ResumeAllLayout, SuspendAllLayout, Scale, SetActiveControlInternal, get_InnerMostActiveContainerControl, get_InnerMostFocusedContainerControl, UpdateFocusedControl, Validate, Validate, ValidateInternal, ResetActiveAndFocusedControlsRecursive, get_DisplayRectangle, System.Windows.Forms.Layout.IArrangedElement.get_DisplayRectangle, OnMouseWheel, OnRightToLeftChanged, OnPaintBackground, OnPaddingChanged, ScrollToControl, OnScroll, get_AutoScrollMargin, set_AutoScrollMargin, get_AutoScrollPosition, set_AutoScrollPosition, get_AutoScrollMinSize, set_AutoScrollMinSize, get_HScroll, set_HScroll, get_HorizontalScroll, get_VScroll, set_VScroll, get_VerticalScroll, get_DockPadding, GetScrollState, ScaleDockPadding, SetDisplayFromScrollProps, SetDisplayRectLocation, ScrollControlIntoView, add_Scroll, remove_Scroll, SetAutoScrollMargin, SetScrollState, GetAccessibilityObjectById, get_AllowDrop, set_AllowDrop, get_Anchor, set_Anchor, set_AutoScrollOffset, get_LayoutEngine, get_BackgroundImage, set_BackgroundImage, get_BackgroundImageLayout, set_BackgroundImageLayout, get_Bounds, get_CanAccessProperties, get_CanRaiseEvents, get_ContextMenu, get_ContextMenuStrip, NotifyValidationResult, get_Cursor, set_Cursor, get_DataBindings, get_DefaultCursor, get_DefaultMargin, get_DefaultMaximumSize, get_DefaultMinimumSize, get_DefaultPadding, get_Dock, set_Dock, get_DoubleBuffered, set_DoubleBuffered, get_Focused, get_Font, set_Font, set_ForeColor, GetPreferredSize, get_InvokeRequired, get_IsContainerControl, get_IsMnemonicsListenerAxSourced, AddReflectChild, RemoveReflectChild, get_RenderTransparencyWithVisualStyles, get_RightToLeft, set_RightToLeft, get_ScaleChildren, get_Site, get_ShowKeyboardCues, get_ShowFocusCues, get_SupportsUseCompatibleTextRendering, BeginInvoke, DestroyHandle, DisposeAxControls, EndInvoke, GetVisibleCore, GetFirstChildControlInTabOrder, InitLayout, InitializeDCForWmCtlColor, Invoke, IsInputChar, IsInputKey, NotifyInvalidate, OnAutoSizeChanged, OnBackColorChanged, OnBindingContextChanged, OnCausesValidationChanged, OnContextMenuChanged, OnContextMenuStripChanged, OnCursorChanged, OnDockChanged, OnForeColorChanged, OnNotifyMessage, OnParentBackColorChanged, OnParentBackgroundImageChanged, OnParentBindingContextChanged, OnParentCursorChanged, OnParentEnabledChanged, OnParentFontChanged, OnParentHandleRecreated, OnParentHandleRecreating, OnParentForeColorChanged, OnParentRightToLeftChanged, OnParentVisibleChanged, OnParentBecameInvisible, OnPrint, OnTabIndexChanged, OnTabStopChanged, OnTopMostActiveXParentChanged, OnClick, OnClientSizeChanged, OnControlAdded, OnControlRemoved, OnInvokedSetScrollPosition, OnLocationChanged, OnDoubleClick, OnDragEnter, OnDragOver, OnDragLeave, OnDragDrop, OnGiveFeedback, OnGotFocus, OnHelpRequested, OnInvalidated, OnKeyDown, OnKeyPress, OnKeyUp, OnLayoutSuspended, OnLeave, OnLostFocus, OnMarginChanged, OnMouseDoubleClick, OnMouseClick, OnMouseCaptureChanged, OnMouseDown, OnMouseEnter, OnMouseLeave, OnDpiChangedBeforeParent, OnDpiChangedAfterParent, OnMouseHover, OnMouseMove, OnMouseUp, OnMove, OnQueryContinueDrag, OnRegionChanged, OnPreviewKeyDown, OnSizeChanged, OnChangeUICues, OnSystemColorsChanged, OnValidating, OnValidated, RescaleConstantsForDpi, PreProcessMessage, ProcessKeyMessage, ResetCursor, ResetFont, ResetRightToLeft, Refresh, ResetText, SizeFromClientSize, ShouldPerformContainerValidation, ShouldSerializeBackColor, ShouldSerializeCursor, ShouldSerializeForeColor, ShouldSerializeFont, ShouldSerializeRightToLeft, ShouldSerializeMaximumSize, ShouldSerializeMinimumSize, ShouldSerializeText, UpdateStylesCore, OnBoundsUpdate, WmContextMenu, System.Windows.Forms.Layout.IArrangedElement.get_Children, System.Windows.Forms.Layout.IArrangedElement.get_Container, System.Windows.Forms.Layout.IArrangedElement.get_ParticipatesInLayout, System.Windows.Forms.Layout.IArrangedElement.PerformLayout, System.Windows.Forms.Layout.IArrangedElement.get_Properties, System.Windows.Forms.Layout.IArrangedElement.SetBounds, get_SupportsUiaProviders, System.Windows.Forms.IDropTarget.OnDragEnter, System.Windows.Forms.IDropTarget.OnDragOver, System.Windows.Forms.IDropTarget.OnDragLeave, System.Windows.Forms.IDropTarget.OnDragDrop, System.Windows.Forms.ISupportOleDropSource.OnGiveFeedback, System.Windows.Forms.ISupportOleDropSource.OnQueryContinueDrag, System.Windows.Forms.UnsafeNativeMethods.IOleControl.GetControlInfo, System.Windows.Forms.UnsafeNativeMethods.IOleControl.OnMnemonic, System.Windows.Forms.UnsafeNativeMethods.IOleControl.OnAmbientPropertyChange, System.Windows.Forms.UnsafeNativeMethods.IOleControl.FreezeEvents, System.Windows.Forms.UnsafeNativeMethods.IOleInPlaceActiveObject.GetWindow, System.Windows.Forms.UnsafeNativeMethods.IOleInPlaceActiveObject.ContextSensitiveHelp, System.Windows.Forms.UnsafeNativeMethods.IOleInPlaceActiveObject.TranslateAccelerator, System.Windows.Forms.UnsafeNativeMethods.IOleInPlaceActiveObject.OnFrameWindowActivate, System.Windows.Forms.UnsafeNativeMethods.IOleInPlaceActiveObject.OnDocWindowActivate, System.Windows.Forms.UnsafeNativeMethods.IOleInPlaceActiveObject.ResizeBorder, System.Windows.Forms.UnsafeNativeMethods.IOleInPlaceActiveObject.EnableModeless, System.Windows.Forms.UnsafeNativeMethods.IOleInPlaceObject.GetWindow, System.Windows.Forms.UnsafeNativeMethods.IOleInPlaceObject.ContextSensitiveHelp, System.Windows.Forms.UnsafeNativeMethods.IOleInPlaceObject.InPlaceDeactivate, System.Windows.Forms.UnsafeNativeMethods.IOleInPlaceObject.UIDeactivate, System.Windows.Forms.UnsafeNativeMethods.IOleInPlaceObject.SetObjectRects, System.Windows.Forms.UnsafeNativeMethods.IOleInPlaceObject.ReactivateAndUndo, System.Windows.Forms.UnsafeNativeMethods.IOleObject.SetClientSite, System.Windows.Forms.UnsafeNativeMethods.IOleObject.GetClientSite, System.Windows.Forms.UnsafeNativeMethods.IOleObject.SetHostNames, System.Windows.Forms.UnsafeNativeMethods.IOleObject.Close, System.Windows.Forms.UnsafeNativeMethods.IOleObject.SetMoniker, System.Windows.Forms.UnsafeNativeMethods.IOleObject.GetMoniker, System.Windows.Forms.UnsafeNativeMethods.IOleObject.InitFromData, System.Windows.Forms.UnsafeNativeMethods.IOleObject.GetClipboardData, System.Windows.Forms.UnsafeNativeMethods.IOleObject.DoVerb, System.Windows.Forms.UnsafeNativeMethods.IOleObject.EnumVerbs, System.Windows.Forms.UnsafeNativeMethods.IOleObject.OleUpdate, System.Windows.Forms.UnsafeNativeMethods.IOleObject.IsUpToDate, System.Windows.Forms.UnsafeNativeMethods.IOleObject.GetUserClassID, System.Windows.Forms.UnsafeNativeMethods.IOleObject.GetUserType, System.Windows.Forms.UnsafeNativeMethods.IOleObject.SetExtent, System.Windows.Forms.UnsafeNativeMethods.IOleObject.GetExtent, System.Windows.Forms.UnsafeNativeMethods.IOleObject.Advise, System.Windows.Forms.UnsafeNativeMethods.IOleObject.Unadvise, System.Windows.Forms.UnsafeNativeMethods.IOleObject.EnumAdvise, System.Windows.Forms.UnsafeNativeMethods.IOleObject.GetMiscStatus, System.Windows.Forms.UnsafeNativeMethods.IOleObject.SetColorScheme, System.Windows.Forms.UnsafeNativeMethods.IOleWindow.GetWindow, System.Windows.Forms.UnsafeNativeMethods.IOleWindow.ContextSensitiveHelp, System.Windows.Forms.UnsafeNativeMethods.IPersist.GetClassID, System.Windows.Forms.UnsafeNativeMethods.IPersistPropertyBag.InitNew, System.Windows.Forms.UnsafeNativeMethods.IPersistPropertyBag.GetClassID, System.Windows.Forms.UnsafeNativeMethods.IPersistPropertyBag.Load, System.Windows.Forms.UnsafeNativeMethods.IPersistPropertyBag.Save, System.Windows.Forms.UnsafeNativeMethods.IPersistStorage.GetClassID, System.Windows.Forms.UnsafeNativeMethods.IPersistStorage.IsDirty, System.Windows.Forms.UnsafeNativeMethods.IPersistStorage.InitNew, System.Windows.Forms.UnsafeNativeMethods.IPersistStorage.Load, System.Windows.Forms.UnsafeNativeMethods.IPersistStorage.Save, System.Windows.Forms.UnsafeNativeMethods.IPersistStorage.SaveCompleted, System.Windows.Forms.UnsafeNativeMethods.IPersistStorage.HandsOffStorage, System.Windows.Forms.UnsafeNativeMethods.IPersistStreamInit.GetClassID, System.Windows.Forms.UnsafeNativeMethods.IPersistStreamInit.IsDirty, System.Windows.Forms.UnsafeNativeMethods.IPersistStreamInit.Load, System.Windows.Forms.UnsafeNativeMethods.IPersistStreamInit.Save, System.Windows.Forms.UnsafeNativeMethods.IPersistStreamInit.GetSizeMax, System.Windows.Forms.UnsafeNativeMethods.IPersistStreamInit.InitNew, System.Windows.Forms.UnsafeNativeMethods.IQuickActivate.QuickActivate, System.Windows.Forms.UnsafeNativeMethods.IQuickActivate.SetContentExtent, System.Windows.Forms.UnsafeNativeMethods.IQuickActivate.GetContentExtent, System.Windows.Forms.UnsafeNativeMethods.IViewObject.Draw, System.Windows.Forms.UnsafeNativeMethods.IViewObject.GetColorSet, System.Windows.Forms.UnsafeNativeMethods.IViewObject.Freeze, System.Windows.Forms.UnsafeNativeMethods.IViewObject.Unfreeze, System.Windows.Forms.UnsafeNativeMethods.IViewObject.SetAdvise, System.Windows.Forms.UnsafeNativeMethods.IViewObject.GetAdvise, System.Windows.Forms.UnsafeNativeMethods.IViewObject2.Draw, System.Windows.Forms.UnsafeNativeMethods.IViewObject2.GetColorSet, System.Windows.Forms.UnsafeNativeMethods.IViewObject2.Freeze, System.Windows.Forms.UnsafeNativeMethods.IViewObject2.Unfreeze, System.Windows.Forms.UnsafeNativeMethods.IViewObject2.SetAdvise, System.Windows.Forms.UnsafeNativeMethods.IViewObject2.GetAdvise, System.Windows.Forms.UnsafeNativeMethods.IViewObject2.GetExtent, System.Windows.Forms.IKeyboardToolTip.CanShowToolTipsNow, System.Windows.Forms.IKeyboardToolTip.GetNativeScreenRectangle, System.Windows.Forms.IKeyboardToolTip.GetNeighboringToolsRectangles, System.Windows.Forms.IKeyboardToolTip.IsHoveredWithMouse, System.Windows.Forms.IKeyboardToolTip.HasRtlModeEnabled, System.Windows.Forms.IKeyboardToolTip.AllowsToolTip, System.Windows.Forms.IKeyboardToolTip.GetOwnerWindow, System.Windows.Forms.IKeyboardToolTip.OnHooked, System.Windows.Forms.IKeyboardToolTip.OnUnhooked, System.Windows.Forms.IKeyboardToolTip.GetCaptionForTool, System.Windows.Forms.IKeyboardToolTip.ShowsOwnToolTip, System.Windows.Forms.IKeyboardToolTip.IsBeingTabbedTo, System.Windows.Forms.IKeyboardToolTip.AllowsChildrenToShowToolTips, ShowsOwnKeyboardToolTip, OnKeyboardToolTipHook, OnKeyboardToolTipUnhook, AllowsKeyboardToolTip, AllowsChildrenToShowToolTips, get_ImeModeBase, set_ImeModeBase, OnImeModeChanged, ShouldSerializeImeMode, get_DpiAwarenessContext, get_AccessibilityObject, get_AccessibleDefaultActionDescription, set_AccessibleDefaultActionDescription, get_AccessibleDescription, set_AccessibleDescription, get_AccessibleName, set_AccessibleName, get_AccessibleRole, set_AccessibleRole, add_AutoSizeChanged, remove_AutoSizeChanged, get_AutoScrollOffset, SetAutoSizeMode, GetAutoSizeMode, get_BackColorBrush, add_BackColorChanged, remove_BackColorChanged, add_BackgroundImageChanged, remove_BackgroundImageChanged, add_BackgroundImageLayoutChanged, remove_BackgroundImageLayoutChanged, get_BecomingActiveControl, set_BecomingActiveControl, ResetBindings, get_BindingContextInternal, set_BindingContextInternal, add_BindingContextChanged, remove_BindingContextChanged, get_Bottom, set_Bounds, get_CanFocus, get_CanSelect, get_Capture, set_Capture, get_CaptureInternal, set_CaptureInternal, get_CausesValidation, set_CausesValidation, add_CausesValidationChanged, remove_CausesValidationChanged, get_CacheTextInternal, set_CacheTextInternal, get_ClientRectangle, get_ClientSize, set_ClientSize, add_ClientSizeChanged, remove_ClientSizeChanged, get_CompanyName, get_ContainsFocus, set_ContextMenu, add_ContextMenuChanged, remove_ContextMenuChanged, set_ContextMenuStrip, add_ContextMenuStripChanged, remove_ContextMenuStripChanged, get_Controls, get_Created, ValidateActiveControl, set_ValidationCancelled, get_ValidationCancelled, set_IsTopMdiWindowClosing, get_IsTopMdiWindowClosing, get_IsCurrentlyBeingScaled, get_CreateThreadId, add_CursorChanged, remove_CursorChanged, get_DeviceDpi, get_DisabledColor, get_IsDisposed, get_Disposing, add_DockChanged, remove_DockChanged, get_Enabled, set_Enabled, add_EnabledChanged, remove_EnabledChanged, ScaleFont, add_FontChanged, remove_FontChanged, get_FontHandle, get_FontHeight, set_FontHeight, get_ForeColor, add_ForeColorChanged, remove_ForeColorChanged, get_Handle, get_HandleInternal, get_HasChildren, get_Height, set_Height, get_HostedInWin32DialogManager, get_IsHandleCreated, get_IsLayoutSuspended, get_IsWindowObscured, get_InternalHandle, get_IsAccessible, set_IsAccessible, get_IsActiveX, get_IsIEParent, get_IsMirrored, get_Left, set_Left, get_Location, set_Location, add_LocationChanged, remove_LocationChanged, get_Margin, set_Margin, add_MarginChanged, remove_MarginChanged, get_Name, set_Name, get_Parent, set_Parent, get_ProductName, get_ProductVersion, get_Properties, get_RawBackColor, get_RecreatingHandle, get_Region, set_Region, add_RegionChanged, remove_RegionChanged, get_RenderRightToLeft, get_RenderTransparent, get_RequiredScaling, set_RequiredScaling, get_RequiredScalingEnabled, set_RequiredScalingEnabled, get_ResizeRedraw, set_ResizeRedraw, get_Right, add_RightToLeftChanged, remove_RightToLeftChanged, set_Site, get_Size, set_Size, add_SizeChanged, remove_SizeChanged, get_TabIndex, set_TabIndex, add_TabIndexChanged, remove_TabIndexChanged, get_TabStop, set_TabStop, get_TabStopInternal, set_TabStopInternal, add_TabStopChanged, remove_TabStopChanged, get_Tag, set_Tag, add_TextChanged, remove_TextChanged, get_Top, set_Top, get_TopLevelControl, get_TopLevelControlInternal, get_TopMostParent, get_UseWaitCursor, set_UseWaitCursor, get_UseCompatibleTextRenderingInt, set_UseCompatibleTextRenderingInt, get_Visible, set_Visible, add_VisibleChanged, remove_VisibleChanged, get_Width, set_Width, get_WindowStyle, set_WindowStyle, get_WindowTarget, set_WindowTarget, add_Click, remove_Click, add_ControlAdded, remove_ControlAdded, add_ControlRemoved, remove_ControlRemoved, add_DragDrop, remove_DragDrop, add_DragEnter, remove_DragEnter, add_DragOver, remove_DragOver, add_DragLeave, remove_DragLeave, add_GiveFeedback, remove_GiveFeedback, add_HandleCreated, remove_HandleCreated, add_HandleDestroyed, remove_HandleDestroyed, add_HelpRequested, remove_HelpRequested, add_Invalidated, remove_Invalidated, get_PreferredSize, get_Padding, set_Padding, add_PaddingChanged, remove_PaddingChanged, add_Paint, remove_Paint, add_QueryContinueDrag, remove_QueryContinueDrag, add_QueryAccessibilityHelp, remove_QueryAccessibilityHelp, add_DoubleClick, remove_DoubleClick, add_Enter, remove_Enter, add_GotFocus, remove_GotFocus, add_KeyDown, remove_KeyDown, add_KeyPress, remove_KeyPress, add_KeyUp, remove_KeyUp, add_Layout, remove_Layout, add_Leave, remove_Leave, add_LostFocus, remove_LostFocus, add_MouseClick, remove_MouseClick, add_MouseDoubleClick, remove_MouseDoubleClick, add_MouseCaptureChanged, remove_MouseCaptureChanged, add_MouseDown, remove_MouseDown, add_MouseEnter, remove_MouseEnter, add_MouseLeave, remove_MouseLeave, add_DpiChangedBeforeParent, remove_DpiChangedBeforeParent, add_DpiChangedAfterParent, remove_DpiChangedAfterParent, add_MouseHover, remove_MouseHover, add_MouseMove, remove_MouseMove, add_MouseUp, remove_MouseUp, add_MouseWheel, remove_MouseWheel, add_Move, remove_Move, add_PreviewKeyDown, remove_PreviewKeyDown, add_Resize, remove_Resize, add_ChangeUICues, remove_ChangeUICues, add_StyleChanged, remove_StyleChanged, add_SystemColorsChanged, remove_SystemColorsChanged, add_Validating, remove_Validating, add_Validated, remove_Validated, AccessibilityNotifyClients, AccessibilityNotifyClients, add_ParentChanged, remove_ParentChanged, BeginInvoke, BeginUpdateInternal, BringToFront, Contains, CreateAccessibilityInstance, CreateGraphics, CreateGraphicsInternal, CreateControl, CreateControl, DoDragDrop, DrawToBitmap, EndUpdateInternal, EndUpdateInternal, FindForm, FindFormInternal, GetTopLevel, RaiseCreateHandleEvent, RaiseKeyEvent, RaiseMouseEvent, Focus, ApplySizeConstraints, ApplySizeConstraints, GetChildAtPoint, GetChildAtPoint, GetContainerControl, IsUpdating, GetContainerControlInternal, GetHRgn, GetAnyDisposingInHierarchy, GetChildControlsInTabOrder, GetNextControl, GetState, GetStyle, Hide, Invalidate, Invalidate, Invalidate, Invalidate, Invalidate, Invalidate, Invoke, InvokePaint, InvokePaintBackground, IsFontSet, IsDescendant, LogicalToDeviceUnits, LogicalToDeviceUnits, ScaleBitmapLogicalToDevice, AdjustWindowRectEx, NotifyEnter, NotifyLeave, InvokeOnClick, InvokeGotFocus, InvokeLostFocus, PaintBackground, PaintBackground, PaintBackground, PaintTransparentBackground, PaintTransparentBackground, get_ParentContainerControl, PerformLayout, PerformLayout, PerformLayout, PerformControlValidation, PerformContainerValidation, PointToClient, PointToClientInternal, PointToScreen, PreProcessControlMessage, PrintToMetaFileRecursive, ProcessKeyEventArgs, ProcessUICues, RaiseDragEvent, RaisePaintEvent, ResetBackColor, ResetForeColor, RecreateHandle, RectangleToClient, RectangleToScreen, ReleaseUiaProvider, ResetMouseEventArgs, ResumeLayout, ResumeLayout, SetAcceptDrops, Scale, Scale, Scale, ScaleChildControls, UpdateWindowFontIfNeeded, ScaleControl, ScaleSize, Select, SelectNextControl, SelectNextControlInternal, SendMessage, SendMessage, SendMessage, SendMessage, SendMessage, SendMessage, SendMessage, SendMessage, SendToBack, SetBounds, SetBounds, SizeFromClientSize, SetState, SetState2, SetStyle, SetTopLevel, SetTopLevelInternal, get_ShouldAutoValidate, RtlTranslateAlignment, RtlTranslateAlignment, RtlTranslateAlignment, RtlTranslateHorizontal, RtlTranslateLeftRight, RtlTranslateContent, Show, ShouldSerializeMargin, ShouldSerializePadding, SuspendLayout, Update, UpdateBounds, UpdateBounds, UpdateBounds, UpdateZOrder, UpdateStyles, WindowAssignHandle, WindowReleaseHandle, WmContextMenu, get_ToolStripControlHost, set_ToolStripControlHost, get_CachedImeMode, set_CachedImeMode, get_CurrentImeContextMode, get_DisableImeModeChangedCount, set_DisableImeModeChangedCount, get_ImeMode, set_ImeMode, add_ImeModeChanged, remove_ImeModeChanged, get_ImeWmCharsToIgnore, set_ImeWmCharsToIgnore, UpdateImeContextMode, VerifyImeRestrictedModeChanged, OnImeContextStatusChanged, ResetImeMode, WmImeSetFocus, get_IsAccessibilityObjectCreated, get_IsInternalAccessibilityObjectCreated, Finalize, add_Disposed, remove_Disposed, Dispose, GetService, get_CanRaiseEventsInternal, get_Events, get_Container, get_DesignMode, GetLifetimeService, InitializeLifetimeService, CreateObjRef, GetComIUnknown, IsInstanceOfType, InvokeMember, MemberwiseClone, __RaceSetServerIdentity, __ResetServerIdentity, CanCastToXmlType, Equals, GetHashCode, GetType, MemberwiseClone"
"SDVoE_Tester.STA_API","GetValue, GetHashCode, ToString, ToString, CompareTo, ToString, HasFlag, GetTypeCode, System.IConvertible.ToBoolean, System.IConvertible.ToChar, System.IConvertible.ToSByte, System.IConvertible.ToByte, System.IConvertible.ToInt16, System.IConvertible.ToUInt16, System.IConvertible.ToInt32, System.IConvertible.ToUInt32, System.IConvertible.ToInt64, System.IConvertible.ToUInt64, System.IConvertible.ToSingle, System.IConvertible.ToDouble, System.IConvertible.ToDecimal, System.IConvertible.ToDateTime, System.IConvertible.ToType, Equals, ToString, Finalize, GetType, MemberwiseClone"
"SDVoE_Tester.RS232_STATUS","GetValue, GetHashCode, ToString, ToString, CompareTo, ToString, HasFlag, GetTypeCode, System.IConvertible.ToBoolean, System.IConvertible.ToChar, System.IConvertible.ToSByte, System.IConvertible.ToByte, System.IConvertible.ToInt16, System.IConvertible.ToUInt16, System.IConvertible.ToInt32, System.IConvertible.ToUInt32, System.IConvertible.ToInt64, System.IConvertible.ToUInt64, System.IConvertible.ToSingle, System.IConvertible.ToDouble, System.IConvertible.ToDecimal, System.IConvertible.ToDateTime, System.IConvertible.ToType, Equals, ToString, Finalize, GetType, MemberwiseClone"
"SDVoE_Tester.ID_BTN","GetValue, GetHashCode, ToString, ToString, CompareTo, ToString, HasFlag, GetTypeCode, System.IConvertible.ToBoolean, System.IConvertible.ToChar, System.IConvertible.ToSByte, System.IConvertible.ToByte, System.IConvertible.ToInt16, System.IConvertible.ToUInt16, System.IConvertible.ToInt32, System.IConvertible.ToUInt32, System.IConvertible.ToInt64, System.IConvertible.ToUInt64, System.IConvertible.ToSingle, System.IConvertible.ToDouble, System.IConvertible.ToDecimal, System.IConvertible.ToDateTime, System.IConvertible.ToType, Equals, ToString, Finalize, GetType, MemberwiseClone"
"SDVoE_Tester.DEVICE_TYPE","GetValue, GetHashCode, ToString, ToString, CompareTo, ToString, HasFlag, GetTypeCode, System.IConvertible.ToBoolean, System.IConvertible.ToChar, System.IConvertible.ToSByte, System.IConvertible.ToByte, System.IConvertible.ToInt16, System.IConvertible.ToUInt16, System.IConvertible.ToInt32, System.IConvertible.ToUInt32, System.IConvertible.ToInt64, System.IConvertible.ToUInt64, System.IConvertible.ToSingle, System.IConvertible.ToDouble, System.IConvertible.ToDecimal, System.IConvertible.ToDateTime, System.IConvertible.ToType, Equals, ToString, Finalize, GetType, MemberwiseClone"
"SDVoE_Tester.TableID","GetValue, GetHashCode, ToString, ToString, CompareTo, ToString, HasFlag, GetTypeCode, System.IConvertible.ToBoolean, System.IConvertible.ToChar, System.IConvertible.ToSByte, System.IConvertible.ToByte, System.IConvertible.ToInt16, System.IConvertible.ToUInt16, System.IConvertible.ToInt32, System.IConvertible.ToUInt32, System.IConvertible.ToInt64, System.IConvertible.ToUInt64, System.IConvertible.ToSingle, System.IConvertible.ToDouble, System.IConvertible.ToDecimal, System.IConvertible.ToDateTime, System.IConvertible.ToType, Equals, ToString, Finalize, GetType, MemberwiseClone"
"SDVoE_Tester.UPDATE_CODE","GetValue, GetHashCode, ToString, ToString, CompareTo, ToString, HasFlag, GetTypeCode, System.IConvertible.ToBoolean, System.IConvertible.ToChar, System.IConvertible.ToSByte, System.IConvertible.ToByte, System.IConvertible.ToInt16, System.IConvertible.ToUInt16, System.IConvertible.ToInt32, System.IConvertible.ToUInt32, System.IConvertible.ToInt64, System.IConvertible.ToUInt64, System.IConvertible.ToSingle, System.IConvertible.ToDouble, System.IConvertible.ToDecimal, System.IConvertible.ToDateTime, System.IConvertible.ToType, Equals, ToString, Finalize, GetType, MemberwiseClone"
"SDVoE_Tester.UPDATEUI","GetValue, GetHashCode, ToString, ToString, CompareTo, ToString, HasFlag, GetTypeCode, System.IConvertible.ToBoolean, System.IConvertible.ToChar, System.IConvertible.ToSByte, System.IConvertible.ToByte, System.IConvertible.ToInt16, System.IConvertible.ToUInt16, System.IConvertible.ToInt32, System.IConvertible.ToUInt32, System.IConvertible.ToInt64, System.IConvertible.ToUInt64, System.IConvertible.ToSingle, System.IConvertible.ToDouble, System.IConvertible.ToDecimal, System.IConvertible.ToDateTime, System.IConvertible.ToType, Equals, ToString, Finalize, GetType, MemberwiseClone"
"SDVoE_Tester.Form1","Btn_PreviewStart_Click, Btn_Preview_Recive_Click, Btn_SendMsg_Click, Btn_ReconnectView_Click, Text_MultiCastIP_TextChanged, Text_PreViewIP_TextChanged, OnDraw_Event, Bn_WriteKey_Click, Bn_Zeroing_Click, Btn_GetLicence_Click, Text_LKVID_TextChanged, Btn_TFTPFolder_Click, Btn_TFTPStart_Click, Timer_TFTPUpdate_Tick, Btn_RefreshTFTPFile_Click, Btn_FWSearchFile_Click, Btn_FWStart_Click, CB_FirstTime_CheckedChanged_1, CheckNeedWrite, Write_Log_Add, WriteLog, Timer_LogRecord_Tick, Btn_OpenLog_Click, Btn_OpenLogFolder_Click, Btn_ActivePreviewAD_Click, Btn_ShowPairMsg_Click, CB_AutoAWS_Connect_CheckedChanged, Btn_AWSConnect_Click, TB_SendTelnet_KeyDown, Telnet_Record_Cmd, Telnet_GetNowCommand, Btn_TelnetCommand_Open_Click, Btn_TelnetCommand_Refresh_Click, CB_TelnetCommand_Load_SelectedIndexChanged, Btn_SendTelnet_ClearMsg_Click, TelnetCMD_StopAutoTest, TelnetCMD_SearchCmdList, Btn_TelnetCmd_AutoSet_Click, Btn_TelnetCmd_AutoStart_Click, Btn_TelnetCmd_AutoStop_Click, CB_TelnetCmd_TestMode_SelectedIndexChanged, TelnetCommand_List_DoubleClick, CB_CanSelectID1_CheckedChanged, Telnet_AutoSendCmdTimer_Elapsed, Dispose, InitializeComponent, TenG_NeedCheck, CheckPairDeviceInfo, On_PairDeviceCheck_Changed, GetNowUseMAC, SetPair10GBY2, LK_Error, LK_PanelEnable, BTN_WRITEKEY, BTN_ZEROING, BTN_Check_AWS_License, AWSCheck_Times, ShowLK_ErrorCode, LonelyKeyGenerated, LonelyKeyGenRandom, Refresh_TFTPData, Start_TFTPUpdate, TFTP_SetCheck, TFTP_PanelEnable, TFTP_UI_Open, Timer_TFTPCheckTimeout_Elapsed, Check_IsTFTP_MAC, CheckTFTP_Finish, TFTP_SetServer, server_OnWriteRequest, server_OnReadRequest, StartTransfer, CancelTransfer, transfer_OnError, transfer_OnFinished, transfer_OnProgress, OutputTransferStatus, Start_FWUpdate, Set_FW_ProgressBar, FW_CheckShowError, FW_UIClear, Lock_UI, Pre_Hash, SetMAC_CMD, SetAllMAC, Telnet_SendCmd_Add, Form1_Load, Form1_Shown, BackgroundWorker_Loading_DoWork, BackgroundWorker_Loading_ProgressChanged, BackgroundWorker_Loading_RunWorkerCompleted, Refresh_FormTitle, RunServer, OnFormClosing, Timer_GetHash_Elapsed, Start_CheckHash, On_SVID_Version_Changed, UpdateUI, RX_COM_DataReceived, TX_COM_DataReceived, Add_TextBox_Debug, Refresh_COMPort, IsTx_Login, IsRx_Login, SetTimer, TEST_Timer_Elapsed, RS232_Timer_Elapsed, Buffer_Pull, Buffer_Pop, ParsingIncomingData, Telnet_connect, Telnet_write, Telnet_dis_connect, UI_SetConnectSuccess, UI_SelectLocalIP, IsJsonFormat, socket_DataEvent, IpTableItemInsert, IpItemDelete, CheckDevice_Type, DeviceTableItemInsert, DeviceTableItemDelete, DeviceSelect_Handler, CheckTemperature, CheckProcessingID, CheckDeviceButtonStatus, GetMultiCastIP, CheckTxDeviceHdmiStatus, CheckRs232Response, CheckRs232ReceiveData, CheckFirmwareList, CheckIsDeviceMac, CheckFirmwareUpdateStatus, CheckMemoryTestStatus, PressButton_Handler, Check_Enable_CheckedChanged, Btn_Connect_Click, Btn_DisConnect_Click, Btn_TxOpen_Click, Btn_RxOpen_Click, Btn_TxClose_Click, Btn_RxClose_Click, Btn_Start_Click, Btn_Refresh_Click, DataGridView_LocalIP_RowPostPaint, DataGridView_LocalIP_EnabledChanged, DataGridView_LocalIP_CellContentClick, DataGridView_LocalIP_CurrentCellDirtyStateChanged, DataGridView_LocalIP_CellValueChanged, Clear_IPInfo_CheckBox, dataGridView_DeviceInfo_RowPostPaint, DataGridView_DeviceInfo_EnabledChanged, DataGridView_DeviceInfo_CheckLock, DataGridView_DeviceInfo_CellContentClick, DataGridView_DeviceInfo_CurrentCellDirtyStateChanged, DataGridView_DeviceInfo_CellValueChanged, GetBasicInfoRS232_Process, On_MACSN_Changed, Clear_DeviceInfo_CheckBox, Btn_USB3_Click, Btn_GetMAC3_Click, Btn_SetUSBMAC_Click, Btn_GetAVP_AllMAC_Click, Btn_SetAVP0_1MAC_Click, Btn_SetSN_Click, Btn_SetVID_Click, Btn_SetFPGAMAC_Click, Btn_TestMode_TX_Click, Btn_TestMode_RX_Click, Btn_GetMCUVer_Click, Btn_GetUSBMAC_Click, Btn_GetVID_Click, Btn_GetActiveKey_Click, Btn_Reboot_Click, Btn_GetFPGAMAC_Click, Btn_GetSN_Click, Btn_SetHash_Click, Btn_GetHash_Click, Btn_TestMemory_Click, Btn_Factory_Click, Btn_MCUFactory_Click, Btn_GO_Click, Btn_DebugMsgClear_Click, Btn_TestMode_USB_Click, Btn_TXRXMsgClear_Click, Btn_AutoSet_Click, Btn_AutoStart_Click, Btn_AutoStop_Click, Btn_RefreshFileList_Click, Btn_OpenFileList_Click, TestMode_SelectedIndexChanged, Load_CommandList_SelectedIndexChanged, RS232_AutoSendCmdTimer_Elapsed, StopAutoTest, SearchCmdList, Record_Cmd, GetNowCommand, TextBox_SendCommand_KeyDown, Command_List_DoubleClick, Btn_AddOptionTest_Click_1, Text_SetFPGAMAC_TextChanged, Text_SetUSBMAC_TextChanged, Text_SetMAC1_MouseClick, Text_SetMAC2_MouseClick, Text_SetMAC3_MouseClick, Text_SetSN_TextChanged, Text_SetSN_MouseClick, Text_SVID_TextChanged, Text_Version_TextChanged, Send_Command, ThumbNail_Start, ThumbNail_Stop, CheckCanPreView, get_AutoScaleBaseSize, set_AutoScaleBaseSize, get_AutoScroll, set_AutoScroll, get_AutoSize, get_AutoValidate, set_AutoValidate, set_BackColor, get_CreateParams, get_DefaultImeMode, get_DefaultSize, get_HasMenu, set_MaximumSize, get_MinimumSize, set_MinimumSize, get_RightToLeftLayout, set_RightToLeftLayout, get_ParentInternal, set_ParentInternal, get_ShowParams, get_ShowWithoutActivation, get_Text, set_Text, SetVisibleCore, get_WindowText, set_WindowText, AdjustFormScrollbars, AssignParent, CreateControlsInstance, AfterControlRemoved, CreateHandle, DefWndProc, FocusInternal, GetPreferredSizeCore, CanSelectCore, CanProcessMnemonic, ProcessMnemonic, OnActivated, OnAutoScaleModeChanged, OnBackgroundImageChanged, OnBackgroundImageLayoutChanged, OnClosing, OnClosed, OnFormClosed, OnCreateControl, OnDeactivate, OnEnabledChanged, OnEnter, OnFontChanged, OnHandleCreated, OnHandleDestroyed, OnHelpButtonClicked, OnLayout, OnMaximizedBoundsChanged, OnMaximumSizeChanged, OnMinimumSizeChanged, OnInputLanguageChanged, OnInputLanguageChanging, OnVisibleChanged, OnMdiChildActivate, OnMenuStart, OnMenuComplete, OnPaint, OnResize, OnDpiChanged, OnGetDpiScaledSize, OnRightToLeftLayoutChanged, OnShown, OnTextChanged, ProcessCmdKey, ProcessDialogKey, ProcessDialogChar, ProcessKeyPreview, ProcessTabKey, Select, ScaleCore, GetScaledBounds, ScaleControl, SetBoundsCore, ApplyBoundsConstraints, SetClientSizeCore, ShouldSerializeAutoScaleBaseSize, ShouldSerializeSize, OnResizeBegin, OnResizeEnd, OnStyleChanged, ValidateChildren, ValidateChildren, get_AcceptButton, set_AcceptButton, get_Active, set_Active, get_ActiveMdiChild, get_ActiveMdiChildInternal, set_ActiveMdiChildInternal, get_AllowTransparency, set_AllowTransparency, get_AutoScale, set_AutoScale, set_AutoSize, add_AutoSizeChanged, remove_AutoSizeChanged, get_AutoSizeMode, set_AutoSizeMode, add_AutoValidateChanged, remove_AutoValidateChanged, get_BackColor, get_FormBorderStyle, set_FormBorderStyle, get_CancelButton, set_CancelButton, get_ClientSize, set_ClientSize, get_ControlBox, set_ControlBox, get_CloseReason, set_CloseReason, get_DesktopBounds, set_DesktopBounds, get_DesktopLocation, set_DesktopLocation, get_DialogResult, set_DialogResult, get_HelpButton, set_HelpButton, add_HelpButtonClicked, remove_HelpButtonClicked, get_Icon, set_Icon, get_IsMdiChild, get_IsMdiChildFocusable, set_IsMdiChildFocusable, get_IsMdiContainer, set_IsMdiContainer, get_IsRestrictedWindow, get_KeyPreview, set_KeyPreview, get_Location, set_Location, get_MaximizedBounds, set_MaximizedBounds, add_MaximizedBoundsChanged, remove_MaximizedBoundsChanged, get_MaximumSize, add_MaximumSizeChanged, remove_MaximumSizeChanged, get_MainMenuStrip, set_MainMenuStrip, get_Margin, set_Margin, add_MarginChanged, remove_MarginChanged, get_Menu, set_Menu, add_MinimumSizeChanged, remove_MinimumSizeChanged, get_MaximizeBox, set_MaximizeBox, get_MdiChildren, get_MdiClient, get_MdiParent, set_MdiParent, get_MergedMenu, get_MinimizeBox, set_MinimizeBox, get_Modal, get_Opacity, set_Opacity, get_OwnedForms, get_Owner, set_Owner, get_OwnerInternal, get_RestoreBounds, get_ShowInTaskbar, set_ShowInTaskbar, get_ShowIcon, set_ShowIcon, get_Size, set_Size, get_SizeGripStyle, set_SizeGripStyle, get_StartPosition, set_StartPosition, get_TabIndex, set_TabIndex, add_TabIndexChanged, remove_TabIndexChanged, get_TabStop, set_TabStop, add_TabStopChanged, remove_TabStopChanged, get_TopLevel, set_TopLevel, get_TopMost, set_TopMost, get_TransparencyKey, set_TransparencyKey, get_WindowState, set_WindowState, add_Activated, remove_Activated, add_Closing, remove_Closing, add_Closed, remove_Closed, add_Deactivate, remove_Deactivate, add_FormClosing, remove_FormClosing, add_FormClosed, remove_FormClosed, add_Load, remove_Load, add_MdiChildActivate, remove_MdiChildActivate, add_MenuComplete, remove_MenuComplete, add_MenuStart, remove_MenuStart, add_InputLanguageChanged, remove_InputLanguageChanged, add_InputLanguageChanging, remove_InputLanguageChanging, add_RightToLeftLayoutChanged, remove_RightToLeftLayoutChanged, add_Shown, remove_Shown, Activate, ActivateMdiChild, AddOwnedForm, ApplyAutoScaling, CheckCloseDialog, Close, CanRecreateHandle, CenterToParent, CenterToScreen, LayoutMdi, MenuChanged, OnLoad, add_DpiChanged, remove_DpiChanged, PerformOnInputLanguageChanged, PerformOnInputLanguageChanging, RaiseFormClosedOnAppExit, RaiseFormClosingOnAppExit, RecreateHandleCore, RemoveOwnedForm, add_ResizeBegin, remove_ResizeBegin, add_ResizeEnd, remove_ResizeEnd, SetDesktopBounds, SetDesktopLocation, Show, ShowDialog, ShowDialog, ShouldSerializeTransparencyKey, ToString, UpdateDefaultButton, UpdateFormStyles, UpdateMdiWindowListStrip, WndProc, get_BindingContext, set_BindingContext, get_CanEnableIme, get_ActiveControl, set_ActiveControl, System.Windows.Forms.IContainerControl.ActivateControl, GetToolNativeScreenRectangle, OnAutoValidateChanged, OnFrameWindowActivate, OnLayoutResuming, OnParentChanged, ShouldSerializeAutoValidate, get_AutoScaleDimensions, set_AutoScaleDimensions, get_AutoScaleFactor, get_AutoScaleMode, set_AutoScaleMode, add_AutoValidateChanged, remove_AutoValidateChanged, get_CurrentAutoScaleDimensions, get_ParentForm, get_ParentFormInternal, ActivateControlInternal, ActivateControlInternal, HasFocusableChild, CreateAxContainer, FocusActiveControlInternal, OnChildLayoutResuming, FormDpiChanged, PerformAutoScale, ResumeAllLayout, SuspendAllLayout, Scale, SetActiveControlInternal, get_InnerMostActiveContainerControl, get_InnerMostFocusedContainerControl, UpdateFocusedControl, Validate, Validate, ValidateInternal, ResetActiveAndFocusedControlsRecursive, get_DisplayRectangle, System.Windows.Forms.Layout.IArrangedElement.get_DisplayRectangle, OnMouseWheel, OnRightToLeftChanged, OnPaintBackground, OnPaddingChanged, ScrollToControl, OnScroll, get_AutoScrollMargin, set_AutoScrollMargin, get_AutoScrollPosition, set_AutoScrollPosition, get_AutoScrollMinSize, set_AutoScrollMinSize, get_HScroll, set_HScroll, get_HorizontalScroll, get_VScroll, set_VScroll, get_VerticalScroll, get_DockPadding, GetScrollState, ScaleDockPadding, SetDisplayFromScrollProps, SetDisplayRectLocation, ScrollControlIntoView, add_Scroll, remove_Scroll, SetAutoScrollMargin, SetScrollState, GetAccessibilityObjectById, get_AllowDrop, set_AllowDrop, get_Anchor, set_Anchor, set_AutoScrollOffset, get_LayoutEngine, get_BackgroundImage, set_BackgroundImage, get_BackgroundImageLayout, set_BackgroundImageLayout, get_Bounds, get_CanAccessProperties, get_CanRaiseEvents, get_ContextMenu, get_ContextMenuStrip, NotifyValidationResult, get_Cursor, set_Cursor, get_DataBindings, get_DefaultCursor, get_DefaultMargin, get_DefaultMaximumSize, get_DefaultMinimumSize, get_DefaultPadding, get_Dock, set_Dock, get_DoubleBuffered, set_DoubleBuffered, get_Focused, get_Font, set_Font, set_ForeColor, GetPreferredSize, get_InvokeRequired, get_IsContainerControl, get_IsMnemonicsListenerAxSourced, AddReflectChild, RemoveReflectChild, get_RenderTransparencyWithVisualStyles, get_RightToLeft, set_RightToLeft, get_ScaleChildren, get_Site, get_ShowKeyboardCues, get_ShowFocusCues, get_SupportsUseCompatibleTextRendering, BeginInvoke, DestroyHandle, DisposeAxControls, EndInvoke, GetVisibleCore, GetFirstChildControlInTabOrder, InitLayout, InitializeDCForWmCtlColor, Invoke, IsInputChar, IsInputKey, NotifyInvalidate, OnAutoSizeChanged, OnBackColorChanged, OnBindingContextChanged, OnCausesValidationChanged, OnContextMenuChanged, OnContextMenuStripChanged, OnCursorChanged, OnDockChanged, OnForeColorChanged, OnNotifyMessage, OnParentBackColorChanged, OnParentBackgroundImageChanged, OnParentBindingContextChanged, OnParentCursorChanged, OnParentEnabledChanged, OnParentFontChanged, OnParentHandleRecreated, OnParentHandleRecreating, OnParentForeColorChanged, OnParentRightToLeftChanged, OnParentVisibleChanged, OnParentBecameInvisible, OnPrint, OnTabIndexChanged, OnTabStopChanged, OnTopMostActiveXParentChanged, OnClick, OnClientSizeChanged, OnControlAdded, OnControlRemoved, OnInvokedSetScrollPosition, OnLocationChanged, OnDoubleClick, OnDragEnter, OnDragOver, OnDragLeave, OnDragDrop, OnGiveFeedback, OnGotFocus, OnHelpRequested, OnInvalidated, OnKeyDown, OnKeyPress, OnKeyUp, OnLayoutSuspended, OnLeave, OnLostFocus, OnMarginChanged, OnMouseDoubleClick, OnMouseClick, OnMouseCaptureChanged, OnMouseDown, OnMouseEnter, OnMouseLeave, OnDpiChangedBeforeParent, OnDpiChangedAfterParent, OnMouseHover, OnMouseMove, OnMouseUp, OnMove, OnQueryContinueDrag, OnRegionChanged, OnPreviewKeyDown, OnSizeChanged, OnChangeUICues, OnSystemColorsChanged, OnValidating, OnValidated, RescaleConstantsForDpi, PreProcessMessage, ProcessKeyMessage, ResetCursor, ResetFont, ResetRightToLeft, Refresh, ResetText, SizeFromClientSize, ShouldPerformContainerValidation, ShouldSerializeBackColor, ShouldSerializeCursor, ShouldSerializeForeColor, ShouldSerializeFont, ShouldSerializeRightToLeft, ShouldSerializeMaximumSize, ShouldSerializeMinimumSize, ShouldSerializeText, UpdateStylesCore, OnBoundsUpdate, WmContextMenu, System.Windows.Forms.Layout.IArrangedElement.get_Children, System.Windows.Forms.Layout.IArrangedElement.get_Container, System.Windows.Forms.Layout.IArrangedElement.get_ParticipatesInLayout, System.Windows.Forms.Layout.IArrangedElement.PerformLayout, System.Windows.Forms.Layout.IArrangedElement.get_Properties, System.Windows.Forms.Layout.IArrangedElement.SetBounds, get_SupportsUiaProviders, System.Windows.Forms.IDropTarget.OnDragEnter, System.Windows.Forms.IDropTarget.OnDragOver, System.Windows.Forms.IDropTarget.OnDragLeave, System.Windows.Forms.IDropTarget.OnDragDrop, System.Windows.Forms.ISupportOleDropSource.OnGiveFeedback, System.Windows.Forms.ISupportOleDropSource.OnQueryContinueDrag, System.Windows.Forms.UnsafeNativeMethods.IOleControl.GetControlInfo, System.Windows.Forms.UnsafeNativeMethods.IOleControl.OnMnemonic, System.Windows.Forms.UnsafeNativeMethods.IOleControl.OnAmbientPropertyChange, System.Windows.Forms.UnsafeNativeMethods.IOleControl.FreezeEvents, System.Windows.Forms.UnsafeNativeMethods.IOleInPlaceActiveObject.GetWindow, System.Windows.Forms.UnsafeNativeMethods.IOleInPlaceActiveObject.ContextSensitiveHelp, System.Windows.Forms.UnsafeNativeMethods.IOleInPlaceActiveObject.TranslateAccelerator, System.Windows.Forms.UnsafeNativeMethods.IOleInPlaceActiveObject.OnFrameWindowActivate, System.Windows.Forms.UnsafeNativeMethods.IOleInPlaceActiveObject.OnDocWindowActivate, System.Windows.Forms.UnsafeNativeMethods.IOleInPlaceActiveObject.ResizeBorder, System.Windows.Forms.UnsafeNativeMethods.IOleInPlaceActiveObject.EnableModeless, System.Windows.Forms.UnsafeNativeMethods.IOleInPlaceObject.GetWindow, System.Windows.Forms.UnsafeNativeMethods.IOleInPlaceObject.ContextSensitiveHelp, System.Windows.Forms.UnsafeNativeMethods.IOleInPlaceObject.InPlaceDeactivate, System.Windows.Forms.UnsafeNativeMethods.IOleInPlaceObject.UIDeactivate, System.Windows.Forms.UnsafeNativeMethods.IOleInPlaceObject.SetObjectRects, System.Windows.Forms.UnsafeNativeMethods.IOleInPlaceObject.ReactivateAndUndo, System.Windows.Forms.UnsafeNativeMethods.IOleObject.SetClientSite, System.Windows.Forms.UnsafeNativeMethods.IOleObject.GetClientSite, System.Windows.Forms.UnsafeNativeMethods.IOleObject.SetHostNames, System.Windows.Forms.UnsafeNativeMethods.IOleObject.Close, System.Windows.Forms.UnsafeNativeMethods.IOleObject.SetMoniker, System.Windows.Forms.UnsafeNativeMethods.IOleObject.GetMoniker, System.Windows.Forms.UnsafeNativeMethods.IOleObject.InitFromData, System.Windows.Forms.UnsafeNativeMethods.IOleObject.GetClipboardData, System.Windows.Forms.UnsafeNativeMethods.IOleObject.DoVerb, System.Windows.Forms.UnsafeNativeMethods.IOleObject.EnumVerbs, System.Windows.Forms.UnsafeNativeMethods.IOleObject.OleUpdate, System.Windows.Forms.UnsafeNativeMethods.IOleObject.IsUpToDate, System.Windows.Forms.UnsafeNativeMethods.IOleObject.GetUserClassID, System.Windows.Forms.UnsafeNativeMethods.IOleObject.GetUserType, System.Windows.Forms.UnsafeNativeMethods.IOleObject.SetExtent, System.Windows.Forms.UnsafeNativeMethods.IOleObject.GetExtent, System.Windows.Forms.UnsafeNativeMethods.IOleObject.Advise, System.Windows.Forms.UnsafeNativeMethods.IOleObject.Unadvise, System.Windows.Forms.UnsafeNativeMethods.IOleObject.EnumAdvise, System.Windows.Forms.UnsafeNativeMethods.IOleObject.GetMiscStatus, System.Windows.Forms.UnsafeNativeMethods.IOleObject.SetColorScheme, System.Windows.Forms.UnsafeNativeMethods.IOleWindow.GetWindow, System.Windows.Forms.UnsafeNativeMethods.IOleWindow.ContextSensitiveHelp, System.Windows.Forms.UnsafeNativeMethods.IPersist.GetClassID, System.Windows.Forms.UnsafeNativeMethods.IPersistPropertyBag.InitNew, System.Windows.Forms.UnsafeNativeMethods.IPersistPropertyBag.GetClassID, System.Windows.Forms.UnsafeNativeMethods.IPersistPropertyBag.Load, System.Windows.Forms.UnsafeNativeMethods.IPersistPropertyBag.Save, System.Windows.Forms.UnsafeNativeMethods.IPersistStorage.GetClassID, System.Windows.Forms.UnsafeNativeMethods.IPersistStorage.IsDirty, System.Windows.Forms.UnsafeNativeMethods.IPersistStorage.InitNew, System.Windows.Forms.UnsafeNativeMethods.IPersistStorage.Load, System.Windows.Forms.UnsafeNativeMethods.IPersistStorage.Save, System.Windows.Forms.UnsafeNativeMethods.IPersistStorage.SaveCompleted, System.Windows.Forms.UnsafeNativeMethods.IPersistStorage.HandsOffStorage, System.Windows.Forms.UnsafeNativeMethods.IPersistStreamInit.GetClassID, System.Windows.Forms.UnsafeNativeMethods.IPersistStreamInit.IsDirty, System.Windows.Forms.UnsafeNativeMethods.IPersistStreamInit.Load, System.Windows.Forms.UnsafeNativeMethods.IPersistStreamInit.Save, System.Windows.Forms.UnsafeNativeMethods.IPersistStreamInit.GetSizeMax, System.Windows.Forms.UnsafeNativeMethods.IPersistStreamInit.InitNew, System.Windows.Forms.UnsafeNativeMethods.IQuickActivate.QuickActivate, System.Windows.Forms.UnsafeNativeMethods.IQuickActivate.SetContentExtent, System.Windows.Forms.UnsafeNativeMethods.IQuickActivate.GetContentExtent, System.Windows.Forms.UnsafeNativeMethods.IViewObject.Draw, System.Windows.Forms.UnsafeNativeMethods.IViewObject.GetColorSet, System.Windows.Forms.UnsafeNativeMethods.IViewObject.Freeze, System.Windows.Forms.UnsafeNativeMethods.IViewObject.Unfreeze, System.Windows.Forms.UnsafeNativeMethods.IViewObject.SetAdvise, System.Windows.Forms.UnsafeNativeMethods.IViewObject.GetAdvise, System.Windows.Forms.UnsafeNativeMethods.IViewObject2.Draw, System.Windows.Forms.UnsafeNativeMethods.IViewObject2.GetColorSet, System.Windows.Forms.UnsafeNativeMethods.IViewObject2.Freeze, System.Windows.Forms.UnsafeNativeMethods.IViewObject2.Unfreeze, System.Windows.Forms.UnsafeNativeMethods.IViewObject2.SetAdvise, System.Windows.Forms.UnsafeNativeMethods.IViewObject2.GetAdvise, System.Windows.Forms.UnsafeNativeMethods.IViewObject2.GetExtent, System.Windows.Forms.IKeyboardToolTip.CanShowToolTipsNow, System.Windows.Forms.IKeyboardToolTip.GetNativeScreenRectangle, System.Windows.Forms.IKeyboardToolTip.GetNeighboringToolsRectangles, System.Windows.Forms.IKeyboardToolTip.IsHoveredWithMouse, System.Windows.Forms.IKeyboardToolTip.HasRtlModeEnabled, System.Windows.Forms.IKeyboardToolTip.AllowsToolTip, System.Windows.Forms.IKeyboardToolTip.GetOwnerWindow, System.Windows.Forms.IKeyboardToolTip.OnHooked, System.Windows.Forms.IKeyboardToolTip.OnUnhooked, System.Windows.Forms.IKeyboardToolTip.GetCaptionForTool, System.Windows.Forms.IKeyboardToolTip.ShowsOwnToolTip, System.Windows.Forms.IKeyboardToolTip.IsBeingTabbedTo, System.Windows.Forms.IKeyboardToolTip.AllowsChildrenToShowToolTips, ShowsOwnKeyboardToolTip, OnKeyboardToolTipHook, OnKeyboardToolTipUnhook, AllowsKeyboardToolTip, AllowsChildrenToShowToolTips, get_ImeModeBase, set_ImeModeBase, OnImeModeChanged, ShouldSerializeImeMode, get_DpiAwarenessContext, get_AccessibilityObject, get_AccessibleDefaultActionDescription, set_AccessibleDefaultActionDescription, get_AccessibleDescription, set_AccessibleDescription, get_AccessibleName, set_AccessibleName, get_AccessibleRole, set_AccessibleRole, add_AutoSizeChanged, remove_AutoSizeChanged, get_AutoScrollOffset, SetAutoSizeMode, GetAutoSizeMode, get_BackColorBrush, add_BackColorChanged, remove_BackColorChanged, add_BackgroundImageChanged, remove_BackgroundImageChanged, add_BackgroundImageLayoutChanged, remove_BackgroundImageLayoutChanged, get_BecomingActiveControl, set_BecomingActiveControl, ResetBindings, get_BindingContextInternal, set_BindingContextInternal, add_BindingContextChanged, remove_BindingContextChanged, get_Bottom, set_Bounds, get_CanFocus, get_CanSelect, get_Capture, set_Capture, get_CaptureInternal, set_CaptureInternal, get_CausesValidation, set_CausesValidation, add_CausesValidationChanged, remove_CausesValidationChanged, get_CacheTextInternal, set_CacheTextInternal, get_ClientRectangle, get_ClientSize, set_ClientSize, add_ClientSizeChanged, remove_ClientSizeChanged, get_CompanyName, get_ContainsFocus, set_ContextMenu, add_ContextMenuChanged, remove_ContextMenuChanged, set_ContextMenuStrip, add_ContextMenuStripChanged, remove_ContextMenuStripChanged, get_Controls, get_Created, ValidateActiveControl, set_ValidationCancelled, get_ValidationCancelled, set_IsTopMdiWindowClosing, get_IsTopMdiWindowClosing, get_IsCurrentlyBeingScaled, get_CreateThreadId, add_CursorChanged, remove_CursorChanged, get_DeviceDpi, get_DisabledColor, get_IsDisposed, get_Disposing, add_DockChanged, remove_DockChanged, get_Enabled, set_Enabled, add_EnabledChanged, remove_EnabledChanged, ScaleFont, add_FontChanged, remove_FontChanged, get_FontHandle, get_FontHeight, set_FontHeight, get_ForeColor, add_ForeColorChanged, remove_ForeColorChanged, get_Handle, get_HandleInternal, get_HasChildren, get_Height, set_Height, get_HostedInWin32DialogManager, get_IsHandleCreated, get_IsLayoutSuspended, get_IsWindowObscured, get_InternalHandle, get_IsAccessible, set_IsAccessible, get_IsActiveX, get_IsIEParent, get_IsMirrored, get_Left, set_Left, get_Location, set_Location, add_LocationChanged, remove_LocationChanged, get_Margin, set_Margin, add_MarginChanged, remove_MarginChanged, get_Name, set_Name, get_Parent, set_Parent, get_ProductName, get_ProductVersion, get_Properties, get_RawBackColor, get_RecreatingHandle, get_Region, set_Region, add_RegionChanged, remove_RegionChanged, get_RenderRightToLeft, get_RenderTransparent, get_RequiredScaling, set_RequiredScaling, get_RequiredScalingEnabled, set_RequiredScalingEnabled, get_ResizeRedraw, set_ResizeRedraw, get_Right, add_RightToLeftChanged, remove_RightToLeftChanged, set_Site, get_Size, set_Size, add_SizeChanged, remove_SizeChanged, get_TabIndex, set_TabIndex, add_TabIndexChanged, remove_TabIndexChanged, get_TabStop, set_TabStop, get_TabStopInternal, set_TabStopInternal, add_TabStopChanged, remove_TabStopChanged, get_Tag, set_Tag, add_TextChanged, remove_TextChanged, get_Top, set_Top, get_TopLevelControl, get_TopLevelControlInternal, get_TopMostParent, get_UseWaitCursor, set_UseWaitCursor, get_UseCompatibleTextRenderingInt, set_UseCompatibleTextRenderingInt, get_Visible, set_Visible, add_VisibleChanged, remove_VisibleChanged, get_Width, set_Width, get_WindowStyle, set_WindowStyle, get_WindowTarget, set_WindowTarget, add_Click, remove_Click, add_ControlAdded, remove_ControlAdded, add_ControlRemoved, remove_ControlRemoved, add_DragDrop, remove_DragDrop, add_DragEnter, remove_DragEnter, add_DragOver, remove_DragOver, add_DragLeave, remove_DragLeave, add_GiveFeedback, remove_GiveFeedback, add_HandleCreated, remove_HandleCreated, add_HandleDestroyed, remove_HandleDestroyed, add_HelpRequested, remove_HelpRequested, add_Invalidated, remove_Invalidated, get_PreferredSize, get_Padding, set_Padding, add_PaddingChanged, remove_PaddingChanged, add_Paint, remove_Paint, add_QueryContinueDrag, remove_QueryContinueDrag, add_QueryAccessibilityHelp, remove_QueryAccessibilityHelp, add_DoubleClick, remove_DoubleClick, add_Enter, remove_Enter, add_GotFocus, remove_GotFocus, add_KeyDown, remove_KeyDown, add_KeyPress, remove_KeyPress, add_KeyUp, remove_KeyUp, add_Layout, remove_Layout, add_Leave, remove_Leave, add_LostFocus, remove_LostFocus, add_MouseClick, remove_MouseClick, add_MouseDoubleClick, remove_MouseDoubleClick, add_MouseCaptureChanged, remove_MouseCaptureChanged, add_MouseDown, remove_MouseDown, add_MouseEnter, remove_MouseEnter, add_MouseLeave, remove_MouseLeave, add_DpiChangedBeforeParent, remove_DpiChangedBeforeParent, add_DpiChangedAfterParent, remove_DpiChangedAfterParent, add_MouseHover, remove_MouseHover, add_MouseMove, remove_MouseMove, add_MouseUp, remove_MouseUp, add_MouseWheel, remove_MouseWheel, add_Move, remove_Move, add_PreviewKeyDown, remove_PreviewKeyDown, add_Resize, remove_Resize, add_ChangeUICues, remove_ChangeUICues, add_StyleChanged, remove_StyleChanged, add_SystemColorsChanged, remove_SystemColorsChanged, add_Validating, remove_Validating, add_Validated, remove_Validated, AccessibilityNotifyClients, AccessibilityNotifyClients, add_ParentChanged, remove_ParentChanged, BeginInvoke, BeginUpdateInternal, BringToFront, Contains, CreateAccessibilityInstance, CreateGraphics, CreateGraphicsInternal, CreateControl, CreateControl, DoDragDrop, DrawToBitmap, EndUpdateInternal, EndUpdateInternal, FindForm, FindFormInternal, GetTopLevel, RaiseCreateHandleEvent, RaiseKeyEvent, RaiseMouseEvent, Focus, ApplySizeConstraints, ApplySizeConstraints, GetChildAtPoint, GetChildAtPoint, GetContainerControl, IsUpdating, GetContainerControlInternal, GetHRgn, GetAnyDisposingInHierarchy, GetChildControlsInTabOrder, GetNextControl, GetState, GetStyle, Hide, Invalidate, Invalidate, Invalidate, Invalidate, Invalidate, Invalidate, Invoke, InvokePaint, InvokePaintBackground, IsFontSet, IsDescendant, LogicalToDeviceUnits, LogicalToDeviceUnits, ScaleBitmapLogicalToDevice, AdjustWindowRectEx, NotifyEnter, NotifyLeave, InvokeOnClick, InvokeGotFocus, InvokeLostFocus, PaintBackground, PaintBackground, PaintBackground, PaintTransparentBackground, PaintTransparentBackground, get_ParentContainerControl, PerformLayout, PerformLayout, PerformLayout, PerformControlValidation, PerformContainerValidation, PointToClient, PointToClientInternal, PointToScreen, PreProcessControlMessage, PrintToMetaFileRecursive, ProcessKeyEventArgs, ProcessUICues, RaiseDragEvent, RaisePaintEvent, ResetBackColor, ResetForeColor, RecreateHandle, RectangleToClient, RectangleToScreen, ReleaseUiaProvider, ResetMouseEventArgs, ResumeLayout, ResumeLayout, SetAcceptDrops, Scale, Scale, Scale, ScaleChildControls, UpdateWindowFontIfNeeded, ScaleControl, ScaleSize, Select, SelectNextControl, SelectNextControlInternal, SendMessage, SendMessage, SendMessage, SendMessage, SendMessage, SendMessage, SendMessage, SendMessage, SendToBack, SetBounds, SetBounds, SizeFromClientSize, SetState, SetState2, SetStyle, SetTopLevel, SetTopLevelInternal, get_ShouldAutoValidate, RtlTranslateAlignment, RtlTranslateAlignment, RtlTranslateAlignment, RtlTranslateHorizontal, RtlTranslateLeftRight, RtlTranslateContent, Show, ShouldSerializeMargin, ShouldSerializePadding, SuspendLayout, Update, UpdateBounds, UpdateBounds, UpdateBounds, UpdateZOrder, UpdateStyles, WindowAssignHandle, WindowReleaseHandle, WmContextMenu, get_ToolStripControlHost, set_ToolStripControlHost, get_CachedImeMode, set_CachedImeMode, get_CurrentImeContextMode, get_DisableImeModeChangedCount, set_DisableImeModeChangedCount, get_ImeMode, set_ImeMode, add_ImeModeChanged, remove_ImeModeChanged, get_ImeWmCharsToIgnore, set_ImeWmCharsToIgnore, UpdateImeContextMode, VerifyImeRestrictedModeChanged, OnImeContextStatusChanged, ResetImeMode, WmImeSetFocus, get_IsAccessibilityObjectCreated, get_IsInternalAccessibilityObjectCreated, Finalize, add_Disposed, remove_Disposed, Dispose, GetService, get_CanRaiseEventsInternal, get_Events, get_Container, get_DesignMode, GetLifetimeService, InitializeLifetimeService, CreateObjRef, GetComIUnknown, IsInstanceOfType, InvokeMember, MemberwiseClone, __RaceSetServerIdentity, __ResetServerIdentity, CanCastToXmlType, Equals, GetHashCode, GetType, MemberwiseClone"
"SDVoE_Tester.Form1+UIManager_dalegate","Invoke, BeginInvoke, EndInvoke, IsUnmanagedFunctionPtr, InvocationListLogicallyNull, GetObjectData, Equals, NewMulticastDelegate, StoreDynamicMethod, CombineImpl, RemoveImpl, GetInvocationList, GetHashCode, GetTarget, GetMethodImpl, DynamicInvoke, DynamicInvokeImpl, get_Method, get_Target, Clone, GetCallStub, GetMulticastInvoke, GetInvokeMethod, FindMethodHandle, AdjustTarget, Finalize, GetType, MemberwiseClone, ToString"
"SDVoE_Tester.Form1+DeviceInfoInsert_delegate","Invoke, BeginInvoke, EndInvoke, IsUnmanagedFunctionPtr, InvocationListLogicallyNull, GetObjectData, Equals, NewMulticastDelegate, StoreDynamicMethod, CombineImpl, RemoveImpl, GetInvocationList, GetHashCode, GetTarget, GetMethodImpl, DynamicInvoke, DynamicInvokeImpl, get_Method, get_Target, Clone, GetCallStub, GetMulticastInvoke, GetInvokeMethod, FindMethodHandle, AdjustTarget, Finalize, GetType, MemberwiseClone, ToString"
"SDVoE_Tester.Form1+DeviceInfoDelete_delegate","Invoke, BeginInvoke, EndInvoke, IsUnmanagedFunctionPtr, InvocationListLogicallyNull, GetObjectData, Equals, NewMulticastDelegate, StoreDynamicMethod, CombineImpl, RemoveImpl, GetInvocationList, GetHashCode, GetTarget, GetMethodImpl, DynamicInvoke, DynamicInvokeImpl, get_Method, get_Target, Clone, GetCallStub, GetMulticastInvoke, GetInvokeMethod, FindMethodHandle, AdjustTarget, Finalize, GetType, MemberwiseClone, ToString"
"SDVoE_Tester.Form1+TenGPairDeviceInfo","CheckHaveSameMAC, GetPriorityMAC, Equals, GetHashCode, Finalize, GetType, MemberwiseClone, ToString"
"SDVoE_Tester.Form1+Get10GPairMAC","GetValue, GetHashCode, ToString, ToString, CompareTo, ToString, HasFlag, GetTypeCode, System.IConvertible.ToBoolean, System.IConvertible.ToChar, System.IConvertible.ToSByte, System.IConvertible.ToByte, System.IConvertible.ToInt16, System.IConvertible.ToUInt16, System.IConvertible.ToInt32, System.IConvertible.ToUInt32, System.IConvertible.ToInt64, System.IConvertible.ToUInt64, System.IConvertible.ToSingle, System.IConvertible.ToDouble, System.IConvertible.ToDecimal, System.IConvertible.ToDateTime, System.IConvertible.ToType, Equals, ToString, Finalize, GetType, MemberwiseClone"
"SDVoE_Tester.Form1+TFTP_SETRESULT","GetValue, GetHashCode, ToString, ToString, CompareTo, ToString, HasFlag, GetTypeCode, System.IConvertible.ToBoolean, System.IConvertible.ToChar, System.IConvertible.ToSByte, System.IConvertible.ToByte, System.IConvertible.ToInt16, System.IConvertible.ToUInt16, System.IConvertible.ToInt32, System.IConvertible.ToUInt32, System.IConvertible.ToInt64, System.IConvertible.ToUInt64, System.IConvertible.ToSingle, System.IConvertible.ToDouble, System.IConvertible.ToDecimal, System.IConvertible.ToDateTime, System.IConvertible.ToType, Equals, ToString, Finalize, GetType, MemberwiseClone"
"SDVoE_Tester.Form1+<>c__DisplayClass114_0","<RunServer>b__0, Equals, GetHashCode, Finalize, GetType, MemberwiseClone, ToString"
"SDVoE_Tester.Form1+<>o__143","Equals, GetHashCode, Finalize, GetType, MemberwiseClone, ToString"
"SDVoE_Tester.Form1+<>o__150","Equals, GetHashCode, Finalize, GetType, MemberwiseClone, ToString"
"SDVoE_Tester.Form1+<>o__151","Equals, GetHashCode, Finalize, GetType, MemberwiseClone, ToString"
"SDVoE_Tester.Form1+<>o__152","Equals, GetHashCode, Finalize, GetType, MemberwiseClone, ToString"
"SDVoE_Tester.Form1+<>o__153","Equals, GetHashCode, Finalize, GetType, MemberwiseClone, ToString"
"SDVoE_Tester.Form1+<>o__154","Equals, GetHashCode, Finalize, GetType, MemberwiseClone, ToString"
"SDVoE_Tester.Form1+<>o__155","Equals, GetHashCode, Finalize, GetType, MemberwiseClone, ToString"
"SDVoE_Tester.Form1+<>o__156","Equals, GetHashCode, Finalize, GetType, MemberwiseClone, ToString"
"SDVoE_Tester.Form1+<>o__157","Equals, GetHashCode, Finalize, GetType, MemberwiseClone, ToString"
"SDVoE_Tester.Form1+<>o__160","Equals, GetHashCode, Finalize, GetType, MemberwiseClone, ToString"
"SDVoE_Tester.Form1+<>o__161","Equals, GetHashCode, Finalize, GetType, MemberwiseClone, ToString"
"SDVoE_Tester.Form1+<>o__530","Equals, GetHashCode, Finalize, GetType, MemberwiseClone, ToString"
"SDVoE_Tester.Form1+<>o__565","Equals, GetHashCode, Finalize, GetType, MemberwiseClone, ToString"
"SDVoE_Tester.DeviceInfo","ClearData, Equals, GetHashCode, Finalize, GetType, MemberwiseClone, ToString"
"SDVoE_Tester.IpInfo","Equals, GetHashCode, Finalize, GetType, MemberwiseClone, ToString"
"SDVoE_Tester.AutoSendCmd","Equals, GetHashCode, Finalize, GetType, MemberwiseClone, ToString"
"SDVoE_Tester.Program","Main, CurrentDomain_UnhandledException, MyCommonExceptionHandlingMethod, Write_ErrorLog, Equals, GetHashCode, Finalize, GetType, MemberwiseClone, ToString"
"SDVoE_Tester.SDVoEHash","Hash_EnCode, Hash_DeCode, Check_HashKey, Encrypt, EncryptChar, Decrypt, DecryptChar, Equals, GetHashCode, Finalize, GetType, MemberwiseClone, ToString"
"SDVoE_Tester.Properties.Resources","get_ResourceManager, get_Culture, set_Culture, Equals, GetHashCode, Finalize, GetType, MemberwiseClone, ToString"
"SDVoE_Tester.Properties.Settings","get_Default, get_Load_CommandList, set_Load_CommandList, get_LK_SN_KEY, set_LK_SN_KEY, get_TelnetCommand_Load, set_TelnetCommand_Load, get_IsAuto_AWSConnect, set_IsAuto_AWSConnect, get_Context, get_Properties, get_PropertyValues, get_SettingsKey, add_PropertyChanged, remove_PropertyChanged, add_SettingChanging, remove_SettingChanging, add_SettingsLoaded, remove_SettingsLoaded, add_SettingsSaving, remove_SettingsSaving, GetPreviousVersion, OnPropertyChanged, OnSettingChanging, OnSettingsLoaded, OnSettingsSaving, Reload, Save, get_Item, set_Item, get_Providers, set_SettingsKey, Reset, Upgrade, Initialize, get_IsSynchronized, Equals, GetHashCode, Finalize, GetType, MemberwiseClone, ToString"
"Utility.AppKeyAPI","ExportKey, ExportKey, ExportKeyToFile, ExportKeyToFile, GenerateKey, GenerateKeyFromFile, GenerateKeyToFile, GenerateKeyByFile, ImportKey, ImportKey, ImportKeyFromFile, ImportKeyFromFile, TestKeyFromFile, TestKey, GenLicense, GenLicense, GenLicenseByExchangeKey, GenLicenseByActivationKey, GenLicense, GenLicense, ChkLicense, ChkLicense, ChkLicense, ChkLicense, GenDCFile, ChkDCFile, GetPCInfo, Equals, GetHashCode, Finalize, GetType, MemberwiseClone, ToString"
"Utility.ACTIVATESTATE","GetValue, GetHashCode, ToString, ToString, CompareTo, ToString, HasFlag, GetTypeCode, System.IConvertible.ToBoolean, System.IConvertible.ToChar, System.IConvertible.ToSByte, System.IConvertible.ToByte, System.IConvertible.ToInt16, System.IConvertible.ToUInt16, System.IConvertible.ToInt32, System.IConvertible.ToUInt32, System.IConvertible.ToInt64, System.IConvertible.ToUInt64, System.IConvertible.ToSingle, System.IConvertible.ToDouble, System.IConvertible.ToDecimal, System.IConvertible.ToDateTime, System.IConvertible.ToType, Equals, ToString, Finalize, GetType, MemberwiseClone"
"Utility.AWSClientKey","GetAWSClientConnect, Check_LicenseCount, Get_VID_MAXLicense, Get_VID_NowLicense, Set_Activate_Info, Set_Activate_Info, DynamoDBSCAN_VID, DynamoDBSCAN_License, DynamoDBSCAN_SoftwareName, Check_LiceneCount, DynamoDBSCAN_MAC, DynamoDBSCAN_CPUID, DynamoDBITEM_Create, DynamoDBITEM_Update, Is_HttpStatusCode_Success, CreateClient, Client_Link, CheckCanConnecct, StartActivate, GetDate, ToHexString, GetBytes, HexToByte, Equals, GetHashCode, Finalize, GetType, MemberwiseClone, ToString"
"Utility.AppConfig","get_AwsRegion, set_AwsRegion, get_AwsAccessKey, set_AwsAccessKey, get_AwsSecretKey, set_AwsSecretKey, Equals, GetHashCode, Finalize, GetType, MemberwiseClone, ToString"
"Utility.DeviceInfo","get_SN, set_SN, get_MAC, set_MAC, get_CPUID, set_CPUID, get_Software, set_Software, get_Access_Key, set_Access_Key, get_Active_Key, set_Active_Key, Equals, GetHashCode, Finalize, GetType, MemberwiseClone, ToString"
"<PrivateImplementationDetails>","Equals, GetHashCode, Finalize, GetType, MemberwiseClone, ToString"
"<PrivateImplementationDetails>+__StaticArrayInitTypeSize=32","Equals, ToString, GetHashCode, Finalize, GetType, MemberwiseClone"
"<Module>{7F529A58-00A5-4740-AFE1-3389DC8853F3}","Equals, GetHashCode, Finalize, GetType, MemberwiseClone, ToString"
"FZSxiJ5ZBJmwSxbEqP.geUwbRLwd0WNm7K3QP","ymwc25ecm, Equals, GetHashCode, Finalize, GetType, MemberwiseClone, ToString"
"FZSxiJ5ZBJmwSxbEqP.geUwbRLwd0WNm7K3QP+SFU4mbT3GMret7THonf","Invoke, BeginInvoke, EndInvoke, IsUnmanagedFunctionPtr, InvocationListLogicallyNull, GetObjectData, Equals, NewMulticastDelegate, StoreDynamicMethod, CombineImpl, RemoveImpl, GetInvocationList, GetHashCode, GetTarget, GetMethodImpl, DynamicInvoke, DynamicInvokeImpl, get_Method, get_Target, Clone, GetCallStub, GetMulticastInvoke, GetInvokeMethod, FindMethodHandle, AdjustTarget, Finalize, GetType, MemberwiseClone, ToString"
"CociHuaT4WLV2kj8CU.EwV3ECxYhIse1SOarW","K6wQUFtEARk8iqZhnGR, eVSCqatXg9XbV0WuNUJ, bxnveftSlHIyh5ZodvK, PAIYx1tLfTFXIvP15Cd, PlqhQZtqaK1bOZT2iGW, iPfwbTt9oEMbFJJ0kh9, zb8Ayft2aUYOvcYH8jm, aT7lKZtcF9xv3MetwLp, k8AiZYt84JHCNty0jD8, Fiuj5atsUc0qac8HV1s, Gol8lrtf6N7FyvJuDRf, LYepsDtjMD2rAYFUlEh, Qvk9ektOLJNLh07OTXO, QXdoUytltS37J61fkfl, bXGbp5tVuS8P9tLpixV, LAEEF7tkOIdLH31dVGP, LiZGsltHrO2QKIYsA4k, REu1xot0envrwrOm27B, YCYllitNJ6MVRwsi2EJ, Io9fbotaKo4lhlFfXEW, SZ4VlhtoMBN95gKQ1a4, R7RmOTtABiZyfDqVyiN, r02ugYtx4hWU5Gh3Kye, YpSyYBtFf0gnUwOBHfK, kIfNPXtP2u4IgJ8B5d9, MoGldEtQafCt9qxo8KB, eHqgIXtZMduOUGbItrP, hevCUGtgiNlOQxRfWof, Kx77M9tCXnwEvAxHJGr, Agl8CYtrc3vwjSHQWRC, knBAm4t7M6S4UeRpFm0, SS3HIHtbdy9jYdriodp, Byv3THtKebSxlZd8gxl, AAl7aqtG7iJKHQETUOF, eP5Gbvth2nlg8iUpv1m, LaxpXWtzgSi7fBd8w2j, V3r04wivEAyyFRZuYUU, yurK8RitKQcWgueGUtJ, UwgcpYii2QW2RuFeP05, E92ZAriMvbsw47LqL1C, kYyjkhjYZZKtENL6am, NdaGQVOcP5FoJKysWn, Ufi82vj2d, nWN5m7K3Q, ReZxSxiJZ, kJmawSxbE, LPc9wV3EC, MhIFse1SO, drWOJociH, rT47WLV2k, m8CAUYBiH, Wp7DM4Mqq, ztZnOh9Lx, V93oZl5M3, YHxBFGbCp, VeZjNyNqf, n6104RmDI, EmOXN654e, lTouAiuXq, gLJURA5kS, vg8R5Zymw, d3CQMGKmK, s8rE5nceT, NvQ34uZt895nxEhi2FIr, ipu4M3TNx, iBaWMeAXY, GlrTM2W85, K3vHtAjho, TaoSI945H, xrSbEXQDt, Srvm60AOc, aBh6siITT, rKetPVW5O, e1UJIVZmc, jH42P6TBE, hslcEXgTI, ucthcQ5lr, c8iKhNv3S, NIpe3HaA9, gVAfkMyXR, Hjep8dVJy, LE5Nnt7Xh, G3siDhSSM, vURCAsBqe, DIAqeSpOm, nOQ14ODOg, tY3YGtH5f, q9qkQao7g, DpYsoq5nS, vUcrRRnlL, sqeZSL72O, MNdPugcTR, VEVrn9YuMNCi9QfrvZ, NU4V9Gn1wPrIXE54hi, J1jV6wRYe17S1HYeFN, cumCdNU1wZnEYvCpCg, G7QpkZ6tNSjtZmHQyZ, HgYDTamEwAZV0bQ5tq, QyfnJa199hoy8A1kND, CFnwjN5CLrSlQJlwXi, qD8FGCJL2bybGc5GCm, N8vV53DOLXTVaX1QHd, LlcSYQdqSxBke8kojn, GxqVBIE08smRHaIc8s, bom5OLXsqrUg2BCwjD, etg6MOSHLRaR9oVHiN, mVIk7gLWdrhAuQn5RC, KYrBKcqJFciBqCNDSX, NreXJr91Uo9VaOTjGK, WkB1Q32MjvKfgUZuxo, c7pyBdpbm8c1K6PeKQ, G9UvjL4HD6Y2WryXYP, GHB2SBf0MPYYLUo1LQ, tKoSQUlSgs0i9QQR8a, Pxdh95VB3Ubv9gndyJ, tWe2Pqkxc7RBXwU0Kp, Kq6DyEHw38WCC3kFUB, A6MBaP0NykDD39qEbN, tr05KuN0Ohm5MZS7vm, N0hoaoaMOJ2QY46GYO, qrBB06oO0sHRp8WOd8, rIoBNQA0FVydEvv6Ay, sK6nVSxfaI75HW8gIX, CQii17FBc7QMc4rTmh, HDspnjP6uIas2MkTWs, rp9GPmQjtjE4kgPHjd, prRkZDZxoUBo6Ev8I1, MdxgdMgQJkhqmxUWEE, OA3CFHCCxcKuaJvFly, AEPIJ2r8pRWfv7cD6n, VLrSVe79hcHwlYpgD1, JsKQaNbp6nR3i5VjQZ, v5B7DOKXgZNrwbgElA, bfLnqWGK5svlcls2DV, uof7iHh9fJpUrHXLWD, J6FIUazfZ6j5G0T1WV, qudIB3tvulDwbiTJYmh, oLnf6ett949Q50XZcOD, sXsS6OtidgsnOV6bnAk, igOG9rtMjo9vyVyCanP, WfrGsmtW0dkDacpGs7D, nQfQEntTwZv880mxg7e, ti3ofltuPAnsBD1nNe2, ua3FH3twj5SIqO3GuXe, OmIKn5t3EK5l0LqGvTY, waufiWtILB7v3l7OFY7, I9mFOotytaPPm1VHnRH, xaUPAXtBjCTY7gPO59f, pLyyFrtemlxYnCM0EH6, o2nEkFtpTR0ejQ5kRp8, oTQpc2t45huytZHLf47, GWScBStY396knMiyidc, wC1O58tnC4n6dn2yiPl, VHiPgotRfytdvUbLp9J, mldvSHtUdZWk7IUjTaR, C7yLrEt6X8NbQeuN9gN, wq2mA0tmHcE3eMGva6u, ickmSyt17TLKbGOjgdb, ROScQat5J1nURhdooxn, DcGhRStJjfvhQqJUFBP, GEaADvtDWTBW5fvwXxq, ccqWNKtdItghV1KqdhV, Equals, GetHashCode, Finalize, GetType, MemberwiseClone, ToString"
"CociHuaT4WLV2kj8CU.EwV3ECxYhIse1SOarW+hg2pYoQq5nS4UcRRnl","Invoke, BeginInvoke, EndInvoke, IsUnmanagedFunctionPtr, InvocationListLogicallyNull, GetObjectData, Equals, NewMulticastDelegate, StoreDynamicMethod, CombineImpl, RemoveImpl, GetInvocationList, GetHashCode, GetTarget, GetMethodImpl, DynamicInvoke, DynamicInvokeImpl, get_Method, get_Target, Clone, GetCallStub, GetMulticastInvoke, GetInvokeMethod, FindMethodHandle, AdjustTarget, Finalize, GetType, MemberwiseClone, ToString"
"CociHuaT4WLV2kj8CU.EwV3ECxYhIse1SOarW+bRqeSLE72O1NdugcTR","Equals, GetHashCode, get_TypeId, Match, IsDefaultAttribute, System.Runtime.InteropServices._Attribute.GetTypeInfoCount, System.Runtime.InteropServices._Attribute.GetTypeInfo, System.Runtime.InteropServices._Attribute.GetIDsOfNames, System.Runtime.InteropServices._Attribute.Invoke, Finalize, GetType, MemberwiseClone, ToString"
"CociHuaT4WLV2kj8CU.EwV3ECxYhIse1SOarW+bRqeSLE72O1NdugcTR+pGgtnlL82qSlXNiLlrS`1","Equals, GetHashCode, Finalize, GetType, MemberwiseClone, ToString"
"CociHuaT4WLV2kj8CU.EwV3ECxYhIse1SOarW+c8ihNv43S31kyl02V6","BPTavEfPI8, Equals, GetHashCode, Finalize, GetType, MemberwiseClone, ToString"
"CociHuaT4WLV2kj8CU.EwV3ECxYhIse1SOarW+nYgvqjWcI75xBQwqaC","Invoke, BeginInvoke, EndInvoke, IsUnmanagedFunctionPtr, InvocationListLogicallyNull, GetObjectData, Equals, NewMulticastDelegate, StoreDynamicMethod, CombineImpl, RemoveImpl, GetInvocationList, GetHashCode, GetTarget, GetMethodImpl, DynamicInvoke, DynamicInvokeImpl, get_Method, get_Target, Clone, GetCallStub, GetMulticastInvoke, GetInvokeMethod, FindMethodHandle, AdjustTarget, Finalize, GetType, MemberwiseClone, ToString"
"CociHuaT4WLV2kj8CU.EwV3ECxYhIse1SOarW+PAgdCSTJ5iWm1cvyjl","Invoke, BeginInvoke, EndInvoke, IsUnmanagedFunctionPtr, InvocationListLogicallyNull, GetObjectData, Equals, NewMulticastDelegate, StoreDynamicMethod, CombineImpl, RemoveImpl, GetInvocationList, GetHashCode, GetTarget, GetMethodImpl, DynamicInvoke, DynamicInvokeImpl, get_Method, get_Target, Clone, GetCallStub, GetMulticastInvoke, GetInvokeMethod, FindMethodHandle, AdjustTarget, Finalize, GetType, MemberwiseClone, ToString"
"CociHuaT4WLV2kj8CU.EwV3ECxYhIse1SOarW+fyrtVaH8IKZ3nTn56j","Equals, ToString, GetHashCode, Finalize, GetType, MemberwiseClone"
"CociHuaT4WLV2kj8CU.EwV3ECxYhIse1SOarW+uSoenvS025INdsxXNl","uVaa4GpUIk, u6YaUGQ5Rc, t0UaRBG3Pj, pNJaQb5F9t, YcBaEMIBPc, Equals, GetHashCode, Finalize, GetType, MemberwiseClone, ToString"
"CociHuaT4WLV2kj8CU.EwV3ECxYhIse1SOarW+sQrf7Pb5iAPUKgCry1","Invoke, BeginInvoke, EndInvoke, IsUnmanagedFunctionPtr, InvocationListLogicallyNull, GetObjectData, Equals, NewMulticastDelegate, StoreDynamicMethod, CombineImpl, RemoveImpl, GetInvocationList, GetHashCode, GetTarget, GetMethodImpl, DynamicInvoke, DynamicInvokeImpl, get_Method, get_Target, Clone, GetCallStub, GetMulticastInvoke, GetInvokeMethod, FindMethodHandle, AdjustTarget, Finalize, GetType, MemberwiseClone, ToString"
"CociHuaT4WLV2kj8CU.EwV3ECxYhIse1SOarW+dcyEUnmGvKX00QS1F5","Invoke, BeginInvoke, EndInvoke, IsUnmanagedFunctionPtr, InvocationListLogicallyNull, GetObjectData, Equals, NewMulticastDelegate, StoreDynamicMethod, CombineImpl, RemoveImpl, GetInvocationList, GetHashCode, GetTarget, GetMethodImpl, DynamicInvoke, DynamicInvokeImpl, get_Method, get_Target, Clone, GetCallStub, GetMulticastInvoke, GetInvokeMethod, FindMethodHandle, AdjustTarget, Finalize, GetType, MemberwiseClone, ToString"
"CociHuaT4WLV2kj8CU.EwV3ECxYhIse1SOarW+jesjg86ja3K3wbZewF","Invoke, BeginInvoke, EndInvoke, IsUnmanagedFunctionPtr, InvocationListLogicallyNull, GetObjectData, Equals, NewMulticastDelegate, StoreDynamicMethod, CombineImpl, RemoveImpl, GetInvocationList, GetHashCode, GetTarget, GetMethodImpl, DynamicInvoke, DynamicInvokeImpl, get_Method, get_Target, Clone, GetCallStub, GetMulticastInvoke, GetInvokeMethod, FindMethodHandle, AdjustTarget, Finalize, GetType, MemberwiseClone, ToString"
"CociHuaT4WLV2kj8CU.EwV3ECxYhIse1SOarW+wsdbkEtQbDyuqrNXJ1","Invoke, BeginInvoke, EndInvoke, IsUnmanagedFunctionPtr, InvocationListLogicallyNull, GetObjectData, Equals, NewMulticastDelegate, StoreDynamicMethod, CombineImpl, RemoveImpl, GetInvocationList, GetHashCode, GetTarget, GetMethodImpl, DynamicInvoke, DynamicInvokeImpl, get_Method, get_Target, Clone, GetCallStub, GetMulticastInvoke, GetInvokeMethod, FindMethodHandle, AdjustTarget, Finalize, GetType, MemberwiseClone, ToString"
"CociHuaT4WLV2kj8CU.EwV3ECxYhIse1SOarW+AF8gd0JRmYcCnBuCEs","Invoke, BeginInvoke, EndInvoke, IsUnmanagedFunctionPtr, InvocationListLogicallyNull, GetObjectData, Equals, NewMulticastDelegate, StoreDynamicMethod, CombineImpl, RemoveImpl, GetInvocationList, GetHashCode, GetTarget, GetMethodImpl, DynamicInvoke, DynamicInvokeImpl, get_Method, get_Target, Clone, GetCallStub, GetMulticastInvoke, GetInvokeMethod, FindMethodHandle, AdjustTarget, Finalize, GetType, MemberwiseClone, ToString"
"CociHuaT4WLV2kj8CU.EwV3ECxYhIse1SOarW+HHavse2q2GPW7SrFAT","Invoke, BeginInvoke, EndInvoke, IsUnmanagedFunctionPtr, InvocationListLogicallyNull, GetObjectData, Equals, NewMulticastDelegate, StoreDynamicMethod, CombineImpl, RemoveImpl, GetInvocationList, GetHashCode, GetTarget, GetMethodImpl, DynamicInvoke, DynamicInvokeImpl, get_Method, get_Target, Clone, GetCallStub, GetMulticastInvoke, GetInvokeMethod, FindMethodHandle, AdjustTarget, Finalize, GetType, MemberwiseClone, ToString"
"CociHuaT4WLV2kj8CU.EwV3ECxYhIse1SOarW+hyOVp0cgbYqhCSR8YL","GetValue, GetHashCode, ToString, ToString, CompareTo, ToString, HasFlag, GetTypeCode, System.IConvertible.ToBoolean, System.IConvertible.ToChar, System.IConvertible.ToSByte, System.IConvertible.ToByte, System.IConvertible.ToInt16, System.IConvertible.ToUInt16, System.IConvertible.ToInt32, System.IConvertible.ToUInt32, System.IConvertible.ToInt64, System.IConvertible.ToUInt64, System.IConvertible.ToSingle, System.IConvertible.ToDouble, System.IConvertible.ToDecimal, System.IConvertible.ToDateTime, System.IConvertible.ToType, Equals, ToString, Finalize, GetType, MemberwiseClone"
"eLxG93FZl5M3yHxFGb.MBiHIp97M4MqqbtZOh","EiJs304o7, Equals, GetHashCode, Finalize, GetType, MemberwiseClone, ToString"
"<PrivateImplementationDetails>{957FEE7B-0636-4B76-B938-FC1101076407}","Equals, GetHashCode, Finalize, GetType, MemberwiseClone, ToString"
"<PrivateImplementationDetails>{957FEE7B-0636-4B76-B938-FC1101076407}+__StaticArrayInitTypeSize=16","Equals, ToString, GetHashCode, Finalize, GetType, MemberwiseClone"
"<PrivateImplementationDetails>{957FEE7B-0636-4B76-B938-FC1101076407}+__StaticArrayInitTypeSize=18","Equals, ToString, GetHashCode, Finalize, GetType, MemberwiseClone"
"<PrivateImplementationDetails>{957FEE7B-0636-4B76-B938-FC1101076407}+__StaticArrayInitTypeSize=30","Equals, ToString, GetHashCode, Finalize, GetType, MemberwiseClone"
"<PrivateImplementationDetails>{957FEE7B-0636-4B76-B938-FC1101076407}+__StaticArrayInitTypeSize=32","Equals, ToString, GetHashCode, Finalize, GetType, MemberwiseClone"
"<PrivateImplementationDetails>{957FEE7B-0636-4B76-B938-FC1101076407}+__StaticArrayInitTypeSize=40","Equals, ToString, GetHashCode, Finalize, GetType, MemberwiseClone"
"<PrivateImplementationDetails>{957FEE7B-0636-4B76-B938-FC1101076407}+__StaticArrayInitTypeSize=64","Equals, ToString, GetHashCode, Finalize, GetType, MemberwiseClone"
"<PrivateImplementationDetails>{957FEE7B-0636-4B76-B938-FC1101076407}+__StaticArrayInitTypeSize=256","Equals, ToString, GetHashCode, Finalize, GetType, MemberwiseClone"
"<Module>{d4ad9ac0-3c8f-4334-8dd6-2fa3c7e8e18f}","x18a59ec33f5f45d7b69539d7d3be24ba, Equals, GetHashCode, Finalize, GetType, MemberwiseClone, ToString"
